ID,Demand_MW
1,10.46638184
2,10.46638184
3,10.46638184
4,10.46638184
5,10.46638184
6,10.46638184
7,10.46638184
8,10.46638184
9,10.46638184
10,10.46638184
11,10.46638184
12,10.46638184
13,10.46638184
14,10.46638184
15,10.46638184
16,10.46638184
17,10.46638184
18,10.46638184
19,10.46638184
20,10.46638184
21,10.46638184
22,10.46638184
23,10.46638184
24,10.46638184
25,10.46638184
26,10.46638184
27,10.46638184
28,10.46638184
29,10.46638184
30,10.46638184
31,10.46638184
32,10.46638184
33,10.46638184
34,10.46638184
35,10.46638184
36,10.46638184
37,10.46638184
38,10.46638184
39,10.46638184
40,10.46638184
41,10.46638184
42,10.46638184
43,10.46638184
44,10.46638184
45,10.46638184
46,10.46638184
47,10.46638184
48,10.46638184
49,10.46638184
50,10.46638184
51,10.46638184
52,10.46638184
53,10.46638184
54,10.46638184
55,10.46638184
56,10.46638184
57,10.46638184
58,10.46638184
59,10.46638184
60,10.46638184
61,10.46638184
62,10.46638184
63,10.46638184
64,10.46638184
65,10.46638184
66,10.46638184
67,10.46638184
68,10.46638184
69,10.46638184
70,10.46638184
71,10.46638184
72,10.46638184
73,10.46638184
74,10.46638184
75,10.46638184
76,10.46638184
77,10.46638184
78,10.46638184
79,10.46638184
80,10.46638184
81,10.46638184
82,10.46638184
83,10.46638184
84,10.46638184
85,10.46638184
86,10.46638184
87,10.46638184
88,10.46638184
89,10.46638184
90,10.46638184
91,10.46638184
92,10.46638184
93,10.46638184
94,10.46638184
95,10.46638184
96,10.46638184
97,10.46638184
98,10.46638184
99,10.46638184
100,10.46638184
101,10.46638184
102,10.46638184
103,10.46638184
104,10.46638184
105,10.46638184
106,10.46638184
107,10.46638184
108,10.46638184
109,10.46638184
110,10.46638184
111,10.46638184
112,10.46638184
113,10.46638184
114,10.46638184
115,10.46638184
116,10.46638184
117,10.46638184
118,10.46638184
119,10.46638184
120,10.46638184
121,10.46638184
122,10.46638184
123,10.46638184
124,10.46638184
125,10.46638184
126,10.46638184
127,10.46638184
128,10.46638184
129,10.46638184
130,10.46638184
131,10.46638184
132,10.46638184
133,10.46638184
134,10.46638184
135,10.46638184
136,10.46638184
137,10.46638184
138,10.46638184
139,10.46638184
140,10.46638184
141,10.46638184
142,10.46638184
143,10.46638184
144,10.46638184
145,10.46638184
146,10.46638184
147,10.46638184
148,10.46638184
149,10.46638184
150,10.46638184
151,10.46638184
152,10.46638184
153,10.46638184
154,10.46638184
155,10.46638184
156,10.46638184
157,10.46638184
158,10.46638184
159,10.46638184
160,10.46638184
161,10.46638184
162,10.46638184
163,10.46638184
164,10.46638184
165,10.46638184
166,10.46638184
167,10.46638184
168,10.46638184
169,10.46638184
170,10.46638184
171,10.46638184
172,10.46638184
173,10.46638184
174,10.46638184
175,10.46638184
176,10.46638184
177,10.46638184
178,10.46638184
179,10.46638184
180,10.46638184
181,10.46638184
182,10.46638184
183,10.46638184
184,10.46638184
185,10.46638184
186,10.46638184
187,10.46638184
188,10.46638184
189,10.46638184
190,10.46638184
191,10.46638184
192,10.46638184
193,10.46638184
194,10.46638184
195,10.46638184
196,10.46638184
197,10.46638184
198,10.46638184
199,10.46638184
200,10.46638184
201,10.46638184
202,10.46638184
203,10.46638184
204,10.46638184
205,10.46638184
206,10.46638184
207,10.46638184
208,10.46638184
209,10.46638184
210,10.46638184
211,10.46638184
212,10.46638184
213,10.46638184
214,10.46638184
215,10.46638184
216,10.46638184
217,10.46638184
218,10.46638184
219,10.46638184
220,10.46638184
221,10.46638184
222,10.46638184
223,10.46638184
224,10.46638184
225,10.46638184
226,10.46638184
227,10.46638184
228,10.46638184
229,10.46638184
230,10.46638184
231,10.46638184
232,10.46638184
233,10.46638184
234,10.46638184
235,10.46638184
236,10.46638184
237,10.46638184
238,10.46638184
239,10.46638184
240,10.46638184
241,10.46638184
242,10.46638184
243,10.46638184
244,10.46638184
245,10.46638184
246,10.46638184
247,10.46638184
248,10.46638184
249,10.46638184
250,10.46638184
251,10.46638184
252,10.46638184
253,10.46638184
254,10.46638184
255,10.46638184
256,10.46638184
257,10.46638184
258,10.46638184
259,10.46638184
260,10.46638184
261,10.46638184
262,10.46638184
263,10.46638184
264,10.46638184
265,10.46638184
266,10.46638184
267,10.46638184
268,10.46638184
269,10.46638184
270,10.46638184
271,10.46638184
272,10.46638184
273,10.46638184
274,10.46638184
275,10.46638184
276,10.46638184
277,10.46638184
278,10.46638184
279,10.46638184
280,10.46638184
281,10.46638184
282,10.46638184
283,10.46638184
284,10.46638184
285,10.46638184
286,10.46638184
287,10.46638184
288,10.46638184
289,10.46638184
290,10.46638184
291,10.46638184
292,10.46638184
293,10.46638184
294,10.46638184
295,10.46638184
296,10.46638184
297,10.46638184
298,10.46638184
299,10.46638184
300,10.46638184
301,10.46638184
302,10.46638184
303,10.46638184
304,10.46638184
305,10.46638184
306,10.46638184
307,10.46638184
308,10.46638184
309,10.46638184
310,10.46638184
311,10.46638184
312,10.46638184
313,10.46638184
314,10.46638184
315,10.46638184
316,10.46638184
317,10.46638184
318,10.46638184
319,10.46638184
320,10.46638184
321,10.46638184
322,10.46638184
323,10.46638184
324,10.46638184
325,10.46638184
326,10.46638184
327,10.46638184
328,10.46638184
329,10.46638184
330,10.46638184
331,10.46638184
332,10.46638184
333,10.46638184
334,10.46638184
335,10.46638184
336,10.46638184
337,10.46638184
338,10.46638184
339,10.46638184
340,10.46638184
341,10.46638184
342,10.46638184
343,10.46638184
344,10.46638184
345,10.46638184
346,10.46638184
347,10.46638184
348,10.46638184
349,10.46638184
350,10.46638184
351,10.46638184
352,10.46638184
353,10.46638184
354,10.46638184
355,10.46638184
356,10.46638184
357,10.46638184
358,10.46638184
359,10.46638184
360,10.46638184
361,10.46638184
362,10.46638184
363,10.46638184
364,10.46638184
365,10.46638184
366,10.46638184
367,10.46638184
368,10.46638184
369,10.46638184
370,10.46638184
371,10.46638184
372,10.46638184
373,10.46638184
374,10.46638184
375,10.46638184
376,10.46638184
377,10.46638184
378,10.46638184
379,10.46638184
380,10.46638184
381,10.46638184
382,10.46638184
383,10.46638184
384,10.46638184
385,10.46638184
386,10.46638184
387,10.46638184
388,10.46638184
389,10.46638184
390,10.46638184
391,10.46638184
392,10.46638184
393,10.46638184
394,10.46638184
395,10.46638184
396,10.46638184
397,10.46638184
398,10.46638184
399,10.46638184
400,10.46638184
401,10.46638184
402,10.46638184
403,10.46638184
404,10.46638184
405,10.46638184
406,10.46638184
407,10.46638184
408,10.46638184
409,10.46638184
410,10.46638184
411,10.46638184
412,10.46638184
413,10.46638184
414,10.46638184
415,10.46638184
416,10.46638184
417,10.46638184
418,10.46638184
419,10.46638184
420,10.46638184
421,10.46638184
422,10.46638184
423,10.46638184
424,10.46638184
425,10.46638184
426,10.46638184
427,10.46638184
428,10.46638184
429,10.46638184
430,10.46638184
431,10.46638184
432,10.46638184
433,10.46638184
434,10.46638184
435,10.46638184
436,10.46638184
437,10.46638184
438,10.46638184
439,10.46638184
440,10.46638184
441,10.46638184
442,10.46638184
443,10.46638184
444,10.46638184
445,10.46638184
446,10.46638184
447,10.46638184
448,10.46638184
449,10.46638184
450,10.46638184
451,10.46638184
452,10.46638184
453,10.46638184
454,10.46638184
455,10.46638184
456,10.46638184
457,10.46638184
458,10.46638184
459,10.46638184
460,10.46638184
461,10.46638184
462,10.46638184
463,10.46638184
464,10.46638184
465,10.46638184
466,10.46638184
467,10.46638184
468,10.46638184
469,10.46638184
470,10.46638184
471,10.46638184
472,10.46638184
473,10.46638184
474,10.46638184
475,10.46638184
476,10.46638184
477,10.46638184
478,10.46638184
479,10.46638184
480,10.46638184
481,10.46638184
482,10.46638184
483,10.46638184
484,10.46638184
485,10.46638184
486,10.46638184
487,10.46638184
488,10.46638184
489,10.46638184
490,10.46638184
491,10.46638184
492,10.46638184
493,10.46638184
494,10.46638184
495,10.46638184
496,10.46638184
497,10.46638184
498,10.46638184
499,10.46638184
500,10.46638184
501,10.46638184
502,10.46638184
503,10.46638184
504,10.46638184
505,10.46638184
506,10.46638184
507,10.46638184
508,10.46638184
509,10.46638184
510,10.46638184
511,10.46638184
512,10.46638184
513,10.46638184
514,10.46638184
515,10.46638184
516,10.46638184
517,10.46638184
518,10.46638184
519,10.46638184
520,10.46638184
521,10.46638184
522,10.46638184
523,10.46638184
524,10.46638184
525,10.46638184
526,10.46638184
527,10.46638184
528,10.46638184
529,10.46638184
530,10.46638184
531,10.46638184
532,10.46638184
533,10.46638184
534,10.46638184
535,10.46638184
536,10.46638184
537,10.46638184
538,10.46638184
539,10.46638184
540,10.46638184
541,10.46638184
542,10.46638184
543,10.46638184
544,10.46638184
545,10.46638184
546,10.46638184
547,10.46638184
548,10.46638184
549,10.46638184
550,10.46638184
551,10.46638184
552,10.46638184
553,10.46638184
554,10.46638184
555,10.46638184
556,10.46638184
557,10.46638184
558,10.46638184
559,10.46638184
560,10.46638184
561,10.46638184
562,10.46638184
563,10.46638184
564,10.46638184
565,10.46638184
566,10.46638184
567,10.46638184
568,10.46638184
569,10.46638184
570,10.46638184
571,10.46638184
572,10.46638184
573,10.46638184
574,10.46638184
575,10.46638184
576,10.46638184
577,10.46638184
578,10.46638184
579,10.46638184
580,10.46638184
581,10.46638184
582,10.46638184
583,10.46638184
584,10.46638184
585,10.46638184
586,10.46638184
587,10.46638184
588,10.46638184
589,10.46638184
590,10.46638184
591,10.46638184
592,10.46638184
593,10.46638184
594,10.46638184
595,10.46638184
596,10.46638184
597,10.46638184
598,10.46638184
599,10.46638184
600,10.46638184
601,10.46638184
602,10.46638184
603,10.46638184
604,10.46638184
605,10.46638184
606,10.46638184
607,10.46638184
608,10.46638184
609,10.46638184
610,10.46638184
611,10.46638184
612,10.46638184
613,10.46638184
614,10.46638184
615,10.46638184
616,10.46638184
617,10.46638184
618,10.46638184
619,10.46638184
620,10.46638184
621,10.46638184
622,10.46638184
623,10.46638184
624,10.46638184
625,10.46638184
626,10.46638184
627,10.46638184
628,10.46638184
629,10.46638184
630,10.46638184
631,10.46638184
632,10.46638184
633,10.46638184
634,10.46638184
635,10.46638184
636,10.46638184
637,10.46638184
638,10.46638184
639,10.46638184
640,10.46638184
641,10.46638184
642,10.46638184
643,10.46638184
644,10.46638184
645,10.46638184
646,10.46638184
647,10.46638184
648,10.46638184
649,10.46638184
650,10.46638184
651,10.46638184
652,10.46638184
653,10.46638184
654,10.46638184
655,10.46638184
656,10.46638184
657,10.46638184
658,10.46638184
659,10.46638184
660,10.46638184
661,10.46638184
662,10.46638184
663,10.46638184
664,10.46638184
665,10.46638184
666,10.46638184
667,10.46638184
668,10.46638184
669,10.46638184
670,10.46638184
671,10.46638184
672,10.46638184
673,10.46638184
674,10.46638184
675,10.46638184
676,10.46638184
677,10.46638184
678,10.46638184
679,10.46638184
680,10.46638184
681,10.46638184
682,10.46638184
683,10.46638184
684,10.46638184
685,10.46638184
686,10.46638184
687,10.46638184
688,10.46638184
689,10.46638184
690,10.46638184
691,10.46638184
692,10.46638184
693,10.46638184
694,10.46638184
695,10.46638184
696,10.46638184
697,10.46638184
698,10.46638184
699,10.46638184
700,10.46638184
701,10.46638184
702,10.46638184
703,10.46638184
704,10.46638184
705,10.46638184
706,10.46638184
707,10.46638184
708,10.46638184
709,10.46638184
710,10.46638184
711,10.46638184
712,10.46638184
713,10.46638184
714,10.46638184
715,10.46638184
716,10.46638184
717,10.46638184
718,10.46638184
719,10.46638184
720,10.46638184
721,10.46638184
722,10.46638184
723,10.46638184
724,10.46638184
725,10.46638184
726,10.46638184
727,10.46638184
728,10.46638184
729,10.46638184
730,10.46638184
731,10.46638184
732,10.46638184
733,10.46638184
734,10.46638184
735,10.46638184
736,10.46638184
737,10.46638184
738,10.46638184
739,10.46638184
740,10.46638184
741,10.46638184
742,10.46638184
743,10.46638184
