image_id,PredictionString
01951,8 0.7376 1379.5 994.7 1388.3 1005.1 8 0.6836 1283.4 997.7 1293.7 1007.2 8 0.4194 599.3 1095.8 609.8 1106.5 10 0.6182 2683.0 691.5 2697.7 703.7 10 0.5663 2691.1 703.1 2703.9 719.9
01952,10 0.6757 1371.4 1066.3 1388.9 1086.2
01953,0 0.0001 0.0 0.0 1.0 1.0
01955,8 0.7116 1015.4 985.1 1030.1 1000.2 8 0.5430 1584.7 1030.3 1596.3 1045.0 8 0.5262 1581.3 992.5 1594.0 1010.2 8 0.4237 430.0 1051.5 441.6 1066.5 10 0.6301 2636.4 721.7 2651.7 737.9 10 0.5599 2654.9 530.7 2680.9 561.6 10 0.4823 2680.7 625.5 2699.3 642.9 10 0.4556 2675.5 575.5 2688.9 589.5
01956,8 0.6964 1015.3 984.9 1030.2 1000.3 8 0.4596 1018.4 1093.4 1030.0 1112.1 8 0.4052 292.1 485.2 311.6 503.8 10 0.6961 2636.7 721.8 2651.6 738.0 10 0.6344 1580.4 994.4 1591.4 1010.1 10 0.6094 1580.3 1027.7 1591.9 1043.2 10 0.5933 433.8 1050.9 446.8 1064.6 10 0.5444 2655.1 530.8 2681.1 561.8 10 0.4411 2676.1 575.7 2688.9 589.6 10 0.4189 2680.7 625.6 2699.1 640.1
01957,8 0.7190 1015.1 984.9 1030.2 1000.5 8 0.7028 1330.1 1137.9 1339.1 1147.8 8 0.6202 1019.5 1097.5 1031.3 1112.4 8 0.6123 1015.3 1068.8 1025.9 1082.6 8 0.5256 1001.8 1085.2 1011.5 1095.8 8 0.5244 1328.9 1123.8 1338.1 1135.7 10 0.6216 2636.5 721.4 2651.7 738.0 10 0.5385 2654.6 530.4 2681.1 562.0 10 0.4460 2676.2 575.6 2689.0 589.6 10 0.4320 2680.4 625.5 2698.7 640.6
01958,10 0.7431 1312.5 986.4 1335.2 1016.4 10 0.5172 2648.0 674.0 2662.1 689.3 10 0.4882 2585.3 616.1 2597.7 631.6 10 0.4158 2641.4 661.2 2661.4 689.7
01959,8 0.7747 1525.4 886.2 1552.5 915.6 8 0.7645 490.3 924.3 526.5 958.1 10 0.4713 1505.3 991.1 1512.4 998.2
01960,8 0.7407 1756.4 612.9 1804.5 668.8 10 0.4211 1721.6 809.2 1735.7 831.4
01961,8 0.7235 1756.1 613.4 1804.3 669.6 10 0.4096 1717.7 806.5 1735.0 832.2
01962,10 0.6773 1792.3 726.8 1826.7 786.7 10 0.6499 1777.0 725.7 1808.0 789.0
01963,8 0.7053 1290.4 1004.7 1300.0 1015.8 8 0.6783 1357.8 1000.5 1368.1 1011.7 8 0.4530 1227.6 1010.0 1236.8 1020.5 10 0.5798 2680.2 559.8 2692.4 573.6 10 0.5413 2684.2 507.3 2702.1 529.3 10 0.4283 2690.5 571.9 2703.8 588.5
01964,10 0.7718 1284.2 1099.5 1298.7 1114.7 10 0.5692 2625.3 694.4 2640.7 712.6 10 0.5301 1142.6 1130.1 1149.1 1137.2 10 0.4898 2632.3 654.9 2645.6 670.0 10 0.4635 2692.6 480.8 2703.6 495.0 10 0.4549 2642.0 568.9 2655.0 585.8 10 0.4537 2625.1 641.0 2636.5 654.8 10 0.4322 2669.4 605.2 2690.0 628.5 10 0.4321 2665.3 599.8 2686.1 624.4 10 0.4106 2697.0 555.2 2704.0 581.6
01965,10 0.7727 1066.1 1102.9 1077.7 1114.9 10 0.6977 987.3 1108.9 997.7 1119.4 10 0.6644 1031.7 1105.5 1043.2 1116.5 10 0.6239 732.8 1128.1 741.5 1136.4 10 0.5599 934.0 1116.0 941.1 1123.9 10 0.5347 2622.4 702.5 2643.2 729.9 10 0.5116 1163.7 1140.7 1170.6 1148.1 10 0.4689 2634.8 670.8 2649.8 687.8 10 0.4415 2697.1 498.2 2704.0 513.2 10 0.4202 2673.6 620.8 2691.8 645.9
01966,10 0.8015 890.0 1061.1 906.6 1079.2 10 0.6802 1401.7 1069.5 1417.8 1087.4 10 0.6226 2692.0 637.1 2703.7 653.2 10 0.5840 2696.2 595.2 2704.0 611.0 10 0.4862 2685.1 680.7 2698.6 693.6 10 0.4836 2694.1 694.6 2703.9 709.8
01967,8 0.5736 1189.7 1039.9 1196.7 1048.7 10 0.7778 1298.5 1021.1 1322.8 1048.2 10 0.5670 2654.8 502.1 2676.9 528.8 10 0.5476 2653.0 576.5 2672.2 602.2 10 0.5433 2660.5 509.6 2680.5 530.5 10 0.4556 2581.6 662.3 2596.1 681.6 10 0.4544 2582.2 718.0 2595.1 733.2 10 0.4535 2663.5 641.3 2681.3 664.4 10 0.4218 2600.5 531.5 2623.4 558.7
01969,8 0.7286 1360.4 1047.8 1368.2 1056.7 8 0.7200 1276.5 1050.6 1284.6 1060.4 10 0.4088 2576.9 519.5 2589.2 533.1
01970,8 0.7578 1531.8 976.7 1544.4 992.0 8 0.4932 2056.3 1096.5 2064.1 1109.0
01972,8 0.8114 1523.6 983.4 1536.9 998.0 8 0.7957 1378.4 986.4 1391.8 999.8 8 0.6075 2041.1 1102.1 2049.6 1114.7
01973,8 0.8025 1521.7 985.8 1534.8 1000.9 8 0.7870 1376.4 988.6 1389.1 1002.2 8 0.6186 2036.4 1103.9 2044.4 1115.4 8 0.6178 1493.0 1114.2 1499.8 1125.3 8 0.4781 402.8 1141.3 411.0 1151.3 10 0.5307 2021.2 1105.4 2030.6 1116.3
01974,8 0.7974 1521.3 986.2 1534.6 1001.2 8 0.7429 1376.4 988.8 1388.7 1003.0 8 0.5572 2035.2 1104.7 2044.1 1115.5 8 0.5441 402.6 1141.3 411.0 1152.3 10 0.4089 2022.1 1108.0 2029.4 1116.4
01975,8 0.7895 1521.1 986.0 1534.4 1001.0 8 0.7582 1376.2 988.8 1388.8 1003.0 8 0.5358 402.3 1141.1 411.2 1152.2 8 0.4873 2035.2 1104.7 2043.9 1115.1 10 0.4456 2020.7 1105.9 2029.8 1116.4
01976,8 0.7008 1528.7 990.0 1540.9 1004.6 8 0.6205 398.3 1148.0 406.2 1158.1 8 0.4956 2052.9 1106.6 2062.3 1120.4 10 0.7622 1380.4 1020.9 1394.8 1035.8
01977,8 0.5950 2288.3 889.8 2300.7 901.5 10 0.7359 2368.6 902.3 2386.2 920.4 10 0.4009 2558.8 690.2 2572.2 706.0
01978,8 0.7951 2273.5 571.5 2308.8 608.0 8 0.7122 2094.1 631.4 2117.1 659.3 8 0.5397 876.9 911.3 887.1 923.1
01979,8 0.7360 1055.5 1053.2 1064.2 1063.4 10 0.6856 1359.4 982.1 1387.6 1007.7 10 0.6036 1362.3 945.3 1379.0 975.1 10 0.5033 2642.6 523.7 2658.5 544.8 10 0.4770 2688.8 488.7 2703.0 504.1 10 0.4703 2684.6 560.2 2702.5 588.1 10 0.4489 2632.7 513.6 2647.2 534.1 10 0.4136 2684.2 533.3 2698.9 549.6 10 0.4100 2632.9 513.5 2654.9 545.4
01980,8 0.6229 457.0 576.0 553.4 649.8
01981,8 0.5021 1792.0 915.6 1833.0 949.9 10 0.6163 2662.3 644.5 2674.1 659.0 10 0.5679 2653.6 684.7 2669.0 702.0 10 0.5368 2670.9 497.6 2694.4 524.7 10 0.4747 2646.7 673.0 2665.0 697.0 10 0.4744 2672.7 559.2 2684.3 574.2 10 0.4307 2695.1 587.9 2704.0 603.7 10 0.4263 2663.3 545.6 2675.3 560.1 10 0.4142 2653.8 630.2 2665.6 644.6
01982,8 0.7077 1028.4 985.8 1043.6 1001.2 8 0.5807 70.0 1183.6 80.4 1196.6 8 0.5483 1364.2 1144.2 1374.1 1155.0 8 0.5314 1031.9 1071.9 1041.7 1083.0 8 0.4863 1363.6 1128.8 1374.0 1141.7 8 0.4852 1031.0 1090.2 1041.9 1100.3 8 0.4815 1031.9 1053.7 1042.5 1063.9 10 0.5560 1724.2 990.5 1741.9 1011.3 10 0.4790 1958.8 812.0 1972.2 829.4 10 0.4511 282.2 1041.2 297.6 1063.5 10 0.4492 1722.8 945.5 1736.0 968.7 10 0.4223 285.8 984.8 304.8 1006.0
01983,8 0.7013 1028.0 985.3 1043.8 1001.1 8 0.5591 1363.1 1143.8 1374.2 1153.7 8 0.5432 1363.3 1129.1 1373.7 1142.2 10 0.5295 1725.2 990.3 1743.0 1010.7 10 0.5280 1960.9 812.3 1973.4 829.3 10 0.4786 1721.7 944.2 1737.5 968.6 10 0.4670 284.1 984.1 300.8 1004.6 10 0.4238 280.3 1040.0 296.3 1060.9
01984,8 0.6897 1028.2 985.3 1043.8 1001.4 8 0.5534 1364.2 1129.6 1373.6 1142.2 8 0.5453 1364.9 1144.0 1374.5 1153.8 10 0.4919 1959.8 812.1 1972.8 829.5 10 0.4879 1721.1 943.6 1737.0 969.1 10 0.4812 280.3 1038.6 297.7 1062.6 10 0.4411 1728.0 990.4 1742.6 1009.5 10 0.4006 286.6 983.8 303.0 1005.9
01986,8 0.6870 982.1 1116.1 992.7 1128.3 8 0.6745 1249.7 1099.7 1260.4 1111.0
01988,10 0.7760 1281.4 1074.5 1293.4 1087.4 10 0.7757 1338.1 1070.5 1350.2 1084.1 10 0.7622 1228.4 1078.2 1239.1 1090.7 10 0.5185 1492.2 1136.5 1501.0 1145.1
01989,8 0.7430 957.7 942.6 975.6 960.9 8 0.4796 1602.4 999.2 1611.3 1009.6 8 0.4133 238.1 1180.0 246.8 1191.3 10 0.8163 1473.4 1083.6 1486.9 1096.2 10 0.7508 1085.1 971.4 1104.0 993.0 10 0.7500 1180.3 966.9 1198.7 987.1 10 0.5861 1473.5 1065.5 1485.9 1080.4 10 0.4767 2656.8 510.3 2674.0 529.0 10 0.4460 2665.0 519.7 2680.8 539.7 10 0.4430 2685.4 604.7 2701.5 618.5 10 0.4391 1132.8 1154.2 1138.3 1161.4 10 0.4150 1077.1 1148.9 1081.8 1154.3
01990,8 0.7100 332.8 1014.9 345.4 1029.6 8 0.6838 418.3 1018.1 430.5 1032.8 8 0.6615 501.7 1020.6 512.7 1035.1
01991,8 0.4981 1238.4 1133.7 1244.2 1139.6
01992,8 0.6110 1135.9 1089.5 1143.4 1097.4 8 0.5156 1052.7 1092.5 1061.1 1100.9
01993,8 0.7399 1143.9 1094.1 1153.9 1105.5 8 0.6787 1027.6 1097.3 1037.6 1108.5 10 0.6242 2530.9 745.4 2575.4 797.3 10 0.4835 2534.0 689.7 2562.1 719.5
01994,10 0.7963 1025.8 1107.8 1038.0 1120.6 10 0.7386 1156.1 1103.9 1169.3 1118.9 10 0.4329 2043.7 1177.5 2052.0 1186.9
01995,0 0.0001 0.0 0.0 1.0 1.0
01996,8 0.6967 1342.7 985.1 1349.7 993.3 8 0.6472 1267.8 988.3 1275.4 996.6 8 0.5109 2148.1 922.7 2156.0 931.8
01997,8 0.7478 1285.4 909.7 1295.3 920.9 8 0.6791 1870.7 975.2 1877.7 983.3 8 0.6625 1397.0 906.3 1407.3 917.7 8 0.6263 1870.5 966.3 1877.3 973.8
01998,8 0.7487 1399.1 905.2 1408.8 916.4 8 0.7345 1283.7 908.1 1293.0 919.8
02000,8 0.4220 1090.7 1085.6 1097.3 1091.2 10 0.7393 1245.9 1090.6 1256.5 1101.0 10 0.6289 1146.5 1089.6 1153.3 1097.3 10 0.4827 1118.4 1090.2 1124.7 1097.3
02001,9 0.7975 1361.6 1067.5 1381.6 1084.7 9 0.7898 1432.6 1070.6 1453.3 1088.2
02002,8 0.7360 1540.3 1046.9 1553.1 1059.8 8 0.7106 1473.2 1046.5 1485.3 1059.0 8 0.5514 1417.8 1112.3 1423.7 1118.5 8 0.5131 1435.3 1094.4 1445.0 1105.3 10 0.4431 2562.1 1087.0 2569.6 1094.1
02004,8 0.6350 1969.4 872.0 1992.5 895.3 8 0.5051 283.7 1036.3 299.2 1054.6 8 0.4398 1910.3 880.3 1926.4 897.9 10 0.4806 2212.6 1167.2 2222.8 1176.8
02005,8 0.5983 1968.4 867.4 1993.4 895.6 8 0.5666 1878.0 1209.6 1884.9 1218.4 8 0.5146 283.2 1035.6 299.1 1055.3 8 0.4572 1909.9 879.9 1926.7 897.6
02007,8 0.7084 1098.9 949.5 1120.3 971.8 8 0.6684 1581.2 1132.3 1596.9 1147.7 10 0.7149 1301.5 949.6 1325.3 974.6 10 0.6663 1612.2 1170.8 1628.2 1184.4
02008,8 0.5053 1750.1 1197.5 1756.8 1204.4 10 0.6138 1791.4 1159.4 1802.0 1168.8 10 0.5266 1928.9 1206.4 1937.1 1214.1
02009,10 0.6753 1542.1 994.4 1560.8 1014.6 10 0.6696 1704.9 1148.6 1717.7 1161.0 10 0.6018 1324.2 1172.5 1332.4 1180.0 10 0.5733 2040.8 1126.1 2054.1 1143.7 10 0.4770 1611.4 1109.0 1622.7 1119.6 10 0.4083 1508.5 1081.7 1519.5 1093.0
02010,8 0.6744 2300.3 742.9 2361.0 817.5
02011,8 0.7085 2614.4 755.9 2640.0 784.4 10 0.6595 1458.2 1175.0 1470.0 1185.9 10 0.6531 1353.3 1067.3 1366.7 1082.2 10 0.5494 2031.5 1158.3 2041.7 1169.7 10 0.4586 1355.0 1066.1 1380.2 1082.8
02012,8 0.5639 1126.1 1093.0 1133.7 1100.4 10 0.6924 1101.3 1091.6 1116.4 1100.7 10 0.4857 1352.2 1073.9 1361.4 1083.2 10 0.4129 1172.1 1095.8 1179.9 1101.9
02013,8 0.6103 911.9 697.8 934.5 717.8 8 0.5957 2143.5 1074.3 2152.3 1086.4 8 0.5250 2143.7 1095.3 2155.2 1108.2 8 0.4523 1590.4 754.6 1609.1 774.2 8 0.4445 1678.9 902.1 1701.6 927.0 9 0.4050 1676.7 870.0 1702.7 893.0
02014,8 0.7111 990.6 901.5 1012.0 923.2 10 0.6817 1169.5 909.5 1192.5 932.1 10 0.6213 1192.9 874.7 1204.7 886.6 10 0.5295 1140.3 877.8 1166.0 894.4 10 0.4557 2287.2 1087.7 2301.7 1106.5
02015,8 0.5280 1223.6 1144.5 1229.9 1152.1 10 0.6209 1407.8 1104.8 1418.3 1118.3 10 0.5345 1257.6 1144.6 1264.2 1151.7
02016,8 0.7446 1497.1 941.4 1515.6 959.0 10 0.6694 1446.7 976.4 1464.3 991.5
02018,8 0.7748 1375.1 914.0 1394.5 934.5 8 0.6847 1432.6 917.5 1453.2 937.3 8 0.4896 2610.9 992.0 2620.2 1001.5
02019,8 0.7060 725.0 998.9 742.4 1016.8 10 0.7125 1951.1 1125.3 1965.5 1139.6 10 0.6796 778.8 1038.8 801.7 1064.6 10 0.4690 1949.5 1104.0 1960.6 1119.0
02020,0 0.0001 0.0 0.0 1.0 1.0
02021,0 0.0001 0.0 0.0 1.0 1.0
02022,8 0.5642 943.8 1058.7 952.4 1066.7 10 0.6067 1694.0 1107.8 1706.2 1122.5 10 0.6033 1991.2 1131.3 2000.8 1143.2
02023,10 0.7721 1535.3 771.8 1565.0 801.5
02024,10 0.7105 1247.0 1019.6 1262.4 1036.5 10 0.5791 1362.5 1149.4 1378.2 1164.9 10 0.5133 2431.0 1081.8 2438.2 1088.9 10 0.4789 1172.0 1190.2 1177.4 1195.9 10 0.4397 1784.8 1128.6 1799.7 1152.1 10 0.4086 147.2 1164.1 161.1 1185.9
02025,8 0.5711 1432.7 1104.5 1439.7 1112.1 8 0.4326 1544.6 1131.6 1551.3 1139.0 10 0.6864 1468.4 1105.1 1475.6 1112.1 10 0.4348 1128.7 1133.9 1135.8 1141.4
02027,8 0.5338 1160.4 1056.0 1168.1 1064.0 8 0.4789 467.5 1109.9 474.9 1117.1 8 0.4267 1220.8 1104.3 1227.9 1114.2
02028,8 0.7480 1210.4 1007.4 1224.0 1020.1 8 0.5717 1324.2 1092.0 1332.5 1100.0 8 0.5446 1323.5 1102.9 1332.5 1112.8
02029,10 0.7391 1599.5 1199.4 1608.6 1208.8 10 0.7197 1437.6 1058.7 1451.4 1073.5 10 0.5789 1599.9 1188.6 1608.8 1197.2
02032,8 0.7273 1311.8 1115.5 1323.4 1128.0 8 0.6601 2418.4 1170.1 2426.7 1179.5 8 0.5008 1263.5 1114.8 1274.6 1126.3
02033,8 0.7221 1311.7 1115.5 1323.6 1127.9 8 0.6521 2418.4 1170.0 2426.8 1179.6 8 0.5147 1263.0 1114.7 1274.9 1126.6
02035,8 0.5776 1606.0 1159.9 1613.6 1167.3 8 0.5255 2312.4 1174.4 2320.6 1184.2 8 0.4723 1438.7 1089.2 1449.8 1100.4 8 0.4596 887.2 827.5 900.5 844.6 8 0.4351 1605.5 1169.9 1613.4 1177.7 9 0.4309 1402.2 1088.4 1412.4 1098.8
02036,8 0.5670 1488.9 1086.3 1500.8 1098.7 10 0.6925 1463.1 1085.5 1475.1 1097.3 10 0.4866 2414.1 1178.2 2422.3 1188.2
02037,8 0.4783 1388.8 1082.3 1399.7 1093.9 10 0.7225 1463.4 1085.2 1475.0 1097.3 10 0.4889 694.6 1127.8 713.1 1147.9 10 0.4340 1621.8 1170.9 1630.8 1180.4
02038,8 0.6858 1353.4 1001.0 1366.9 1015.7 8 0.5867 1846.0 1123.0 1855.1 1139.3
02039,8 0.7270 1353.3 1001.8 1367.7 1016.6
02040,8 0.7363 1353.2 1002.2 1367.4 1016.5 8 0.5944 1845.8 1123.7 1855.4 1139.8 8 0.5280 478.1 1064.8 488.1 1078.5
02041,8 0.7320 1353.6 1001.7 1367.1 1016.2 8 0.5249 477.9 1063.1 488.0 1079.9
02042,8 0.6061 1845.9 1123.8 1855.1 1138.8 8 0.5149 1119.6 1063.0 1132.0 1073.7 8 0.4616 1353.4 1002.0 1368.7 1016.3
02043,10 0.6775 1453.8 1061.0 1462.8 1069.7 10 0.6059 944.3 1098.3 952.9 1108.4 10 0.4975 943.4 1112.6 951.7 1121.4
02044,10 0.6149 1687.8 1118.2 1696.9 1129.6 10 0.4999 551.6 1118.5 563.0 1133.1
02045,8 0.7241 2097.0 1073.2 2110.8 1090.5 8 0.6215 1120.1 980.8 1134.8 995.7 8 0.5992 1199.1 978.9 1215.5 995.4 8 0.5417 1349.9 1060.4 1359.3 1068.8
02047,8 0.5495 1348.7 1065.6 1358.6 1073.7 8 0.4945 1250.5 982.2 1264.9 998.1 8 0.4219 2097.7 1077.2 2110.8 1092.2
02049,10 0.6061 1325.3 1019.3 1337.8 1032.2 10 0.5423 1411.1 1119.5 1421.5 1129.0 10 0.4313 1994.4 1128.0 2004.0 1143.8
02050,8 0.5493 1451.7 1153.0 1458.8 1159.2 8 0.5332 1427.0 1150.9 1432.9 1157.3 8 0.5077 1401.0 1151.3 1406.3 1157.0
02051,8 0.4227 545.1 1138.5 553.5 1149.8 9 0.5526 1197.2 1076.9 1208.1 1087.8
02053,8 0.7267 1198.5 978.6 1219.5 998.7
02054,8 0.6739 1197.3 984.1 1217.0 1003.5 8 0.4958 1779.7 871.5 1796.8 892.5 10 0.4161 1245.9 1192.2 1252.3 1199.0
02055,8 0.6470 1267.1 1151.1 1273.1 1157.6
02056,8 0.6342 1341.0 1067.0 1349.2 1075.9
02057,8 0.6603 1407.5 1061.6 1416.0 1071.5
02059,8 0.6404 2189.8 1001.7 2212.8 1035.1 9 0.7855 2095.2 693.9 2130.1 743.8 9 0.5281 1712.5 1141.7 1720.2 1149.2
02060,8 0.7215 1758.9 1052.2 1771.5 1064.6 8 0.5100 2676.3 1037.9 2686.3 1048.5 8 0.4683 2473.1 1240.4 2494.8 1261.5 8 0.4642 1632.2 1103.7 1640.7 1113.1 10 0.5960 549.3 944.0 576.1 960.4
02061,8 0.7082 1568.6 989.4 1585.1 1005.0
02062,8 0.6951 1160.4 1014.0 1176.2 1031.6 8 0.5676 972.2 1076.1 982.7 1092.9
02063,8 0.7384 1160.7 1013.8 1176.6 1032.3 8 0.6341 971.8 1076.1 982.8 1091.8
02064,8 0.7314 1293.7 993.8 1310.8 1011.6 8 0.5931 1095.0 1059.1 1106.0 1074.5 8 0.5067 2390.4 988.3 2399.0 997.7
02066,8 0.4170 1183.0 1124.1 1195.2 1139.7
02067,8 0.5206 1293.8 1100.2 1310.8 1122.2 10 0.6283 1362.5 954.0 1385.6 977.8 10 0.5008 1436.0 964.1 1448.4 975.3
02069,8 0.6941 1464.7 1030.6 1474.9 1041.5 8 0.6484 865.9 1175.4 886.2 1198.0
02071,8 0.6571 862.3 994.8 870.8 1004.4 10 0.6678 885.9 1014.2 897.0 1025.3 10 0.5612 1694.0 1077.3 1703.3 1088.7
02072,10 0.7377 1455.4 896.9 1475.2 915.4 10 0.7013 1362.4 892.4 1382.4 913.2 10 0.6451 2076.6 1065.4 2091.0 1082.2
02075,8 0.5892 2220.3 912.8 2235.1 931.9 8 0.5407 2220.6 758.0 2235.4 772.2 8 0.4996 2202.0 1007.2 2211.9 1016.4 10 0.5540 2228.2 1001.6 2239.1 1013.4 10 0.5020 2221.3 876.2 2241.1 892.9
02076,10 0.7258 1199.6 1049.9 1211.4 1063.1 10 0.5909 1694.7 1115.1 1705.0 1128.3
02077,10 0.6518 1917.7 1175.0 1925.8 1184.9
02078,8 0.4845 1761.6 1144.5 1775.9 1160.3 8 0.4232 1044.4 1139.7 1061.1 1151.1
02079,8 0.7027 1408.9 1100.0 1421.2 1111.6 8 0.6036 1104.7 1161.7 1111.6 1168.3 10 0.7274 1428.0 1127.4 1441.8 1142.4 10 0.6470 1429.9 1194.4 1437.2 1202.0 10 0.6014 1151.8 1162.6 1160.0 1171.4
02081,0 0.0001 0.0 0.0 1.0 1.0
02082,0 0.0001 0.0 0.0 1.0 1.0
02084,8 0.4843 1928.1 1183.7 1935.7 1192.8 8 0.4119 1469.5 1080.9 1483.3 1093.5 10 0.6898 1639.3 1162.2 1649.4 1173.6 10 0.6864 1437.7 1080.2 1449.8 1091.9
02086,10 0.7484 1269.2 1138.5 1278.6 1148.2 10 0.6098 806.2 1172.5 815.8 1182.6 10 0.5671 1314.6 1188.3 1323.3 1196.6 10 0.5641 804.7 1188.6 812.6 1198.7
02087,8 0.5721 1875.9 1112.5 1886.0 1123.0 8 0.4249 1247.1 1188.0 1252.8 1194.6 10 0.7234 1578.2 795.4 1613.8 834.0 10 0.6298 1838.8 1080.1 1869.4 1100.7 10 0.5510 1806.0 1056.8 1819.9 1070.3 10 0.4903 1563.4 901.7 1576.4 913.9 10 0.4427 1543.4 801.7 1556.0 820.0
02088,8 0.6029 730.2 1162.3 738.2 1171.1
02089,8 0.4312 1450.7 1185.2 1456.0 1192.3
02091,10 0.6491 993.2 1133.0 1005.8 1145.4 10 0.5091 556.2 1157.0 569.0 1167.1
02092,10 0.6604 2321.4 1169.0 2336.8 1186.4 10 0.6226 2347.8 1088.9 2360.4 1101.5
02093,8 0.6511 1644.1 1140.8 1651.9 1150.0 8 0.6477 646.4 1067.2 658.9 1081.5 8 0.6395 1889.8 1137.2 1899.3 1149.8 8 0.6169 1391.3 1060.0 1401.1 1070.2 10 0.4737 2002.5 1035.8 2012.5 1043.0
02094,8 0.6167 1867.7 1140.1 1879.4 1158.0 8 0.5168 1394.1 1008.5 1414.5 1024.6
02095,10 0.6456 1646.7 1169.8 1665.8 1187.5 10 0.6414 1536.3 1000.2 1556.4 1020.4 10 0.6337 627.0 1109.7 647.0 1131.8 10 0.6166 2173.7 1183.4 2189.0 1204.3 10 0.5799 1647.6 1149.8 1665.8 1166.1
02096,10 0.7144 1217.0 1024.6 1234.0 1044.6 10 0.7137 1508.8 1164.8 1522.1 1182.9 10 0.7031 1313.3 1174.9 1329.9 1192.1 10 0.6131 1314.1 1157.4 1329.4 1171.4
02097,10 0.6190 1188.6 1201.2 1199.3 1213.8 10 0.5528 1298.1 1239.4 1304.3 1246.5 10 0.4018 1218.4 1230.2 1227.8 1240.7
02098,8 0.4837 1981.0 1134.1 1988.9 1141.8 10 0.6796 581.7 1173.5 593.2 1187.8 10 0.4247 1884.6 1198.7 1892.5 1210.9
02099,10 0.6330 499.2 1133.4 515.4 1152.3 10 0.6109 1782.6 1177.9 1799.9 1195.1 10 0.5980 2386.1 1180.1 2401.1 1196.4 10 0.5519 1781.5 1156.8 1796.6 1174.3 10 0.5456 1627.8 1021.1 1645.9 1043.5 10 0.5367 1551.5 1123.3 1560.1 1132.3 10 0.4768 1627.8 1021.0 1667.4 1044.0
02101,8 0.5935 1320.2 1133.1 1328.4 1144.8 10 0.7281 748.7 966.2 772.0 985.1 10 0.7231 1339.5 1129.5 1355.5 1146.5 10 0.6643 851.4 1137.2 872.1 1154.0 10 0.6160 853.8 1116.8 874.5 1131.7
02103,8 0.6075 1493.5 1084.0 1505.8 1096.7 8 0.5142 2078.1 1124.4 2087.0 1130.6 10 0.7169 548.3 1167.6 560.4 1181.5 10 0.6978 1574.3 1084.6 1589.5 1099.2 10 0.6055 1609.3 1210.2 1620.5 1219.7 10 0.5732 1852.5 1167.2 1863.4 1179.7 10 0.5126 1533.0 1062.1 1542.0 1074.9 10 0.4163 543.9 1195.7 555.3 1205.6
02104,0 0.0001 0.0 0.0 1.0 1.0
02106,10 0.7321 609.2 1176.1 620.6 1190.2 10 0.7059 1263.8 1197.2 1280.7 1210.2 10 0.6896 1157.7 1135.7 1171.3 1149.6 10 0.6518 1118.8 1134.0 1129.9 1147.5
02107,8 0.6697 1656.4 535.9 1700.0 584.7 8 0.5580 1946.7 494.4 2002.8 552.3
02108,8 0.5944 1647.6 1138.6 1655.4 1146.3 8 0.4371 1575.1 1163.6 1582.1 1170.8
02109,8 0.6442 646.5 1047.5 657.3 1059.1 10 0.7108 2247.6 1149.4 2261.7 1169.0 10 0.6937 1545.3 1017.0 1563.5 1035.4 10 0.6755 330.1 1016.4 347.1 1035.2 10 0.6540 1645.2 1133.1 1658.4 1147.3 10 0.4953 2214.4 1163.1 2226.4 1174.7 10 0.4782 2246.0 1243.1 2261.9 1267.7
02110,8 0.5827 1893.7 1111.2 1910.0 1130.2 10 0.5155 1494.0 1099.6 1510.8 1122.8
02111,8 0.6113 1469.0 1097.4 1480.0 1108.3 8 0.5694 1421.8 1093.7 1432.9 1104.4 8 0.5430 405.7 1122.9 415.2 1133.3 8 0.5037 1267.4 1125.4 1276.9 1135.7 10 0.4253 807.0 1171.6 815.1 1200.6
02112,8 0.5800 1736.6 1190.3 1745.1 1200.0 8 0.5410 1596.3 1065.1 1605.5 1078.1 8 0.4851 2095.3 1187.8 2102.7 1195.6 8 0.4535 571.4 1135.2 580.0 1143.9 8 0.4411 755.6 1105.6 766.4 1118.9 9 0.5831 2523.7 996.2 2547.7 1015.8 9 0.4646 2535.7 1005.2 2556.1 1017.8
02113,10 0.6997 1660.3 1095.0 1678.5 1111.7 10 0.6677 1503.1 928.0 1528.2 953.7
02114,8 0.6649 1165.0 1102.6 1173.4 1110.7 8 0.5914 1127.3 1103.7 1135.8 1111.8 8 0.5845 1089.4 1104.1 1097.7 1111.7 8 0.5297 1497.8 1163.3 1503.5 1170.4
02115,8 0.5952 1255.3 1049.3 1266.0 1061.0 8 0.5744 1192.6 1048.6 1207.0 1061.9 8 0.4641 2619.5 1027.7 2631.4 1046.0 8 0.4503 1132.6 1048.1 1144.5 1061.0
02117,10 0.6196 1881.7 645.0 1908.6 680.3 10 0.4920 2383.5 1087.3 2393.9 1101.0
02118,8 0.7184 1713.9 1109.0 1731.8 1127.0 8 0.5303 1280.2 1119.1 1288.2 1126.8 8 0.5227 593.7 1200.2 600.9 1207.7 8 0.4929 1676.0 1173.2 1683.0 1181.8
02119,8 0.6243 743.7 1190.4 753.0 1199.6 8 0.5571 1206.5 1112.2 1214.3 1119.8 8 0.5053 1380.7 1192.2 1386.3 1199.2 10 0.7322 1279.6 1108.6 1287.9 1117.0
02120,10 0.4766 2554.3 948.8 2568.6 965.3
02121,10 0.4678 2554.0 947.8 2567.2 963.5
02122,0 0.0001 0.0 0.0 1.0 1.0
02123,0 0.0001 0.0 0.0 1.0 1.0
02124,10 0.6798 1415.7 1055.6 1426.1 1065.9
02126,8 0.4719 2029.0 1129.6 2036.0 1139.2
02127,8 0.7427 1330.1 1003.6 1343.9 1016.0 8 0.5002 1501.1 1118.6 1509.6 1125.8 8 0.4485 208.6 1052.7 217.4 1064.4 10 0.6709 1277.4 1005.2 1288.6 1015.2 10 0.6578 1486.2 1137.3 1495.0 1145.9
02128,8 0.7405 1354.3 932.2 1374.4 950.7 8 0.6366 1609.0 1101.1 1621.4 1111.2
02129,8 0.7319 1236.0 929.7 1252.6 945.8 8 0.7297 1354.5 932.1 1374.5 950.8 8 0.5461 1588.8 1099.7 1600.8 1111.2 8 0.5363 1609.6 1100.9 1620.9 1110.8
02130,8 0.7375 1354.4 931.8 1374.6 950.6 8 0.7371 1235.8 929.5 1252.7 945.8 8 0.4837 1609.6 1100.9 1620.9 1110.7 8 0.4453 1589.1 1100.1 1600.7 1111.4
02131,8 0.7188 1269.0 751.3 1297.1 779.6 8 0.5015 713.8 1126.9 721.1 1135.7 8 0.4326 1915.3 1062.7 1933.0 1081.2 10 0.6298 1950.0 1122.5 1968.0 1137.9 10 0.5591 1561.4 760.3 1589.6 789.3
02132,8 0.6840 1421.0 1041.6 1431.4 1052.5 8 0.6360 1489.9 1045.7 1501.1 1056.2 8 0.5939 1626.9 1152.5 1635.0 1160.3 8 0.5284 148.7 1058.5 157.7 1070.2 8 0.4967 2102.6 1174.9 2110.3 1183.7
02133,8 0.6924 1420.8 1041.1 1431.7 1052.3 8 0.6117 1489.9 1045.7 1501.3 1056.1 8 0.5924 1627.1 1152.6 1635.1 1160.4 8 0.5045 1526.8 1048.0 1536.6 1058.2 8 0.4499 2102.3 1175.4 2110.3 1184.1 8 0.4255 148.3 1059.0 157.6 1070.6
02135,8 0.6055 1449.6 1046.7 1459.2 1058.5 8 0.6045 1412.2 1045.9 1423.2 1056.1 8 0.5278 1621.2 1148.5 1628.6 1157.6 10 0.6303 1505.5 1048.3 1517.0 1059.1 10 0.5703 131.2 1118.9 142.2 1130.6 10 0.5484 133.2 1104.9 143.6 1116.8 10 0.5053 1632.2 1168.4 1640.1 1176.2
02136,8 0.7278 1686.7 993.8 1709.7 1017.2 10 0.7639 1733.1 1060.4 1756.5 1078.3 10 0.6767 1305.7 676.8 1328.8 706.2
02137,8 0.7323 2272.5 840.4 2319.4 886.2 8 0.4796 1083.4 463.1 1111.8 495.9 10 0.8031 2378.1 963.1 2419.9 998.2
02138,10 0.7190 1492.2 1054.3 1503.7 1065.5 10 0.6706 1907.9 1147.8 1916.3 1158.3
02139,8 0.4512 1965.3 1125.2 1971.6 1133.1
02140,8 0.5475 1241.6 1097.3 1252.6 1115.5 8 0.4083 1100.3 828.0 1120.4 851.3
02141,8 0.6475 764.2 1075.5 777.8 1094.7
02142,8 0.6081 1020.1 1074.9 1029.9 1083.4 10 0.6811 1101.6 1077.9 1110.4 1085.8 10 0.6327 485.6 1127.4 493.7 1135.4 10 0.5119 1144.2 1155.6 1151.4 1163.8
02143,10 0.7079 482.1 1120.5 490.9 1129.6 10 0.6364 1263.8 1066.1 1271.9 1075.0
02144,8 0.5484 1252.2 1143.7 1259.3 1151.8 8 0.5468 2628.8 1102.4 2637.2 1112.1
02145,10 0.4554 2658.0 1123.9 2667.4 1133.3
02147,8 0.5942 1266.1 1140.2 1272.9 1148.9
02148,8 0.5504 1266.0 1140.0 1271.8 1147.0 10 0.4985 2658.7 1123.0 2667.3 1132.1
02150,8 0.6018 1266.2 1140.5 1272.6 1148.4 8 0.5921 2656.8 1100.4 2665.3 1110.7
02151,8 0.6053 1266.3 1140.1 1272.9 1148.6 8 0.5947 2656.9 1100.6 2665.8 1112.1
02152,8 0.6522 2656.8 1100.6 2665.3 1110.2 10 0.6095 1266.8 1139.4 1273.3 1147.5
02153,10 0.5809 1266.7 1139.1 1273.4 1147.6
02154,8 0.6009 2656.7 1100.4 2665.8 1111.3 10 0.5849 1266.6 1139.5 1273.0 1147.3
02155,8 0.6407 2656.9 1100.3 2666.1 1112.5 8 0.5894 1266.3 1140.5 1272.9 1149.0
02156,8 0.5048 1419.8 1058.0 1432.4 1071.7
02157,0 0.0001 0.0 0.0 1.0 1.0
02158,8 0.6850 1370.8 1132.8 1378.9 1141.1 10 0.6870 1393.3 1147.6 1402.6 1157.1 10 0.4525 1872.7 1185.0 1880.7 1193.7
02159,8 0.7313 1096.3 1066.9 1106.5 1075.9 10 0.6707 1113.6 1086.1 1123.4 1095.7
02160,10 0.7703 1110.4 1013.1 1126.6 1028.2 10 0.7626 1236.3 1156.6 1246.6 1168.1 10 0.6565 1236.4 1144.1 1246.7 1153.7 10 0.5799 1646.2 1111.9 1658.2 1129.2
02163,8 0.6444 227.8 1175.4 238.5 1187.6 8 0.6110 1219.8 1080.2 1234.8 1091.5 8 0.5600 1279.0 1080.4 1292.8 1091.5 8 0.5226 1584.7 1155.9 1591.7 1165.1 8 0.5152 1270.1 1080.5 1280.5 1091.2 9 0.4399 2651.7 811.0 2670.2 828.1
02164,0 0.0001 0.0 0.0 1.0 1.0
02165,8 0.6958 1455.0 1107.3 1465.5 1118.2 8 0.5620 1315.2 1110.2 1325.8 1120.0 8 0.4720 1399.1 1168.1 1406.5 1174.5 10 0.6446 1282.5 1109.6 1292.8 1119.2
02166,8 0.6786 1455.1 1112.5 1465.1 1123.4 8 0.5147 1399.2 1172.5 1406.4 1178.9 8 0.4460 1314.8 1115.0 1325.9 1125.3 8 0.4372 1272.3 1115.0 1281.4 1123.8 9 0.5893 1385.2 1181.3 1393.3 1189.4
02167,8 0.6949 1456.7 1107.2 1467.5 1118.6 8 0.6339 1313.8 1109.0 1324.8 1119.7 8 0.6097 1488.8 1107.4 1497.0 1117.0 8 0.5465 1398.6 1169.6 1406.7 1176.6 8 0.5444 1258.7 1108.7 1267.7 1118.6 8 0.5315 1347.2 1110.0 1355.2 1119.1 8 0.4106 1385.2 1170.6 1392.8 1177.3
02168,8 0.7290 1463.4 1062.4 1479.6 1078.4 8 0.6329 1139.8 897.4 1160.6 918.4 10 0.7518 1334.3 906.1 1358.1 930.1 10 0.7230 1694.0 913.0 1714.5 934.5 10 0.6730 1494.8 1105.2 1513.0 1118.7
02169,10 0.7141 1599.4 941.5 1617.0 959.5
02170,10 0.7531 1242.4 1030.6 1256.5 1044.3 10 0.6742 1307.4 1032.2 1320.1 1044.4 10 0.5880 1753.2 1093.8 1763.5 1108.5 10 0.5740 1355.8 1123.1 1362.5 1130.5 10 0.5334 1355.8 1111.9 1362.5 1120.2 10 0.4447 1356.0 1144.7 1362.6 1152.5
02171,8 0.6264 1332.8 1082.9 1339.0 1089.5 10 0.7211 1841.9 1127.6 1848.5 1135.5 10 0.5052 1386.1 1083.1 1394.9 1090.8 10 0.4709 1467.1 1131.3 1472.4 1136.8 10 0.4507 776.5 1131.5 783.8 1137.8
02172,8 0.5898 1244.6 1089.1 1252.3 1097.3 10 0.7106 1302.8 1085.8 1311.8 1094.0 10 0.4384 1399.3 1144.7 1404.3 1150.7
02173,8 0.6640 2012.6 1016.4 2033.5 1041.6 8 0.6348 2015.0 980.7 2032.4 998.2 8 0.4908 1131.8 722.2 1162.8 757.8 10 0.7248 1399.2 714.8 1436.7 749.4 10 0.6465 2014.6 1056.5 2033.5 1073.1 10 0.4976 2018.5 1093.4 2031.6 1114.2
02174,10 0.7022 2012.9 1144.4 2020.8 1154.9 10 0.5167 707.7 1224.5 714.6 1230.7
02175,8 0.6993 1657.0 664.1 1698.3 701.0 8 0.6267 2294.6 918.4 2314.3 943.1 9 0.5272 1141.7 1192.1 1147.8 1198.9 10 0.6534 1971.1 656.5 2006.1 700.1 10 0.5217 1794.1 562.3 1856.2 607.0
02176,8 0.5584 529.2 1120.6 540.2 1129.4 8 0.5426 1382.2 1148.6 1390.2 1156.8 10 0.7511 1314.5 1081.1 1325.7 1091.8 10 0.6891 541.3 1139.7 552.5 1149.3 10 0.5480 1668.8 1157.3 1675.1 1164.0 10 0.4426 1393.7 1167.5 1400.5 1173.4
02177,10 0.6818 1781.2 791.2 1807.5 822.8 10 0.5703 1792.0 779.9 1816.1 824.6 10 0.5596 2201.5 1062.7 2217.1 1078.4
02178,8 0.6287 1150.9 1022.3 1167.4 1037.3 10 0.7477 1286.9 1151.9 1297.3 1160.0 10 0.7387 1110.2 1019.0 1126.8 1034.7
02181,8 0.6208 1461.0 1134.2 1468.6 1141.2 10 0.6974 1447.3 1151.9 1454.8 1160.2 10 0.6707 1323.3 1071.3 1334.4 1081.9
02183,8 0.5293 1298.1 1069.2 1309.1 1080.9 8 0.5151 1448.5 1133.7 1456.9 1141.5
02184,8 0.5050 1448.5 1133.6 1456.8 1141.6 8 0.4812 1298.2 1069.6 1309.0 1080.9
02185,8 0.4747 1298.0 1069.3 1309.2 1080.9 8 0.4419 1448.4 1133.8 1456.6 1141.5
02186,8 0.5359 1957.3 1163.0 1964.8 1171.6 8 0.5174 1297.9 1069.2 1309.2 1081.0 8 0.4494 1448.4 1133.8 1456.8 1141.6
02187,8 0.4734 1448.2 1133.7 1456.6 1141.6 8 0.4631 1957.4 1163.0 1964.6 1172.2 8 0.4362 1298.1 1069.3 1308.9 1080.9
02188,8 0.5098 1298.0 1069.1 1309.2 1080.9 8 0.4605 1448.4 1133.8 1456.9 1141.8
02191,8 0.6117 1244.6 1048.5 1254.6 1058.7 10 0.6845 552.8 1103.0 561.2 1112.0 10 0.6323 1314.9 1049.3 1326.2 1060.2
02194,8 0.7465 1436.7 1098.7 1451.0 1113.6 8 0.6872 1010.0 938.7 1028.8 958.3 10 0.7544 1157.7 945.6 1177.2 965.0
02195,8 0.7233 1603.6 1030.2 1618.1 1046.1 8 0.6033 1225.6 957.4 1240.6 972.3 10 0.7008 1346.4 960.4 1362.5 976.2 10 0.6134 1630.0 1074.9 1643.9 1086.9
02196,8 0.5923 1804.5 1114.7 1812.5 1125.4 8 0.5494 1329.7 1050.8 1338.2 1060.9
02197,8 0.5628 1327.4 1059.7 1337.1 1068.8 8 0.5601 1469.2 1120.2 1477.7 1129.2 10 0.7509 1398.8 1060.6 1409.8 1071.8 10 0.6692 1837.9 1147.9 1845.8 1156.2 10 0.5950 1837.6 1135.9 1845.3 1145.8
02198,8 0.5680 1397.4 1062.1 1409.2 1074.4 10 0.6565 1257.1 958.1 1290.0 977.3 10 0.5959 2155.6 1079.3 2168.5 1096.6 10 0.4638 2161.5 1104.6 2172.7 1117.7
02199,0 0.0001 0.0 0.0 1.0 1.0
02200,0 0.0001 0.0 0.0 1.0 1.0
02201,8 0.7210 1819.2 1062.2 1832.0 1073.3 8 0.5703 2004.8 1145.7 2015.3 1156.1 10 0.7318 1910.0 1064.4 1923.1 1076.8 10 0.7000 1273.4 1117.9 1281.5 1126.4
02202,10 0.7780 1360.5 1110.6 1368.5 1119.0 10 0.7674 1398.7 1112.8 1407.5 1121.6
02204,8 0.5604 1590.5 1152.7 1596.5 1158.5 8 0.4736 1210.0 1152.6 1217.5 1159.4
02207,8 0.5496 739.4 1121.8 745.9 1128.8 10 0.6764 748.4 1136.5 756.4 1145.1 10 0.4594 584.2 1144.7 591.5 1153.1
02208,8 0.6964 1481.1 1121.9 1491.9 1132.0 8 0.6958 1201.6 1040.8 1216.4 1055.1 8 0.4782 2589.1 793.0 2606.8 816.5 10 0.7131 1305.2 1039.1 1319.9 1053.4 10 0.6269 1497.7 1147.9 1508.6 1157.5
02209,8 0.6470 1357.9 985.0 1367.1 994.6 8 0.5693 1178.7 1027.8 1186.0 1035.0 8 0.4097 1156.9 995.6 1163.8 1005.3 10 0.6684 1189.4 1043.3 1197.4 1052.5 10 0.6385 1962.3 1041.9 1968.5 1049.8 10 0.6080 1422.6 987.8 1431.3 996.8
02210,8 0.6685 1592.9 1118.4 1602.0 1127.5 8 0.5888 2303.6 1063.3 2312.9 1077.2 8 0.4939 245.7 1163.3 255.1 1171.5 10 0.4996 1574.8 1135.2 1582.4 1143.6
02212,8 0.6922 1521.9 1025.5 1534.1 1037.6 8 0.6001 1979.7 1111.9 1986.8 1121.0 8 0.5447 906.6 1127.9 915.4 1139.2
02214,8 0.7619 2125.8 912.1 2150.0 936.5 10 0.6293 2067.9 968.7 2090.0 990.1
02215,8 0.4477 1848.6 1150.0 1857.7 1172.1
02216,8 0.5536 2201.2 846.0 2225.4 872.7 8 0.4039 977.9 1235.5 992.3 1249.4 9 0.7542 2219.2 590.2 2247.5 621.5 9 0.4842 2229.1 768.9 2256.2 798.1
02217,8 0.6820 989.4 1082.1 997.1 1090.0 8 0.5552 1247.3 1087.7 1254.6 1095.4 10 0.6128 986.1 1128.0 993.5 1136.0 10 0.4919 1251.5 1128.0 1259.3 1135.6 10 0.4303 1252.2 1098.8 1259.3 1107.2
02219,8 0.5868 954.4 974.0 962.9 983.6
02220,8 0.4983 1220.9 1109.3 1227.9 1116.4
02221,8 0.6331 1038.9 1098.5 1047.9 1108.6 10 0.6404 1644.2 1146.4 1651.3 1154.5 10 0.4917 1102.6 1096.7 1112.0 1106.6
02222,8 0.6552 598.4 1015.0 617.1 1032.4 10 0.7376 741.8 1013.8 762.8 1033.3 10 0.6744 1940.5 1114.3 1953.7 1131.9 10 0.4279 1349.4 1175.2 1360.3 1185.0
02223,10 0.6829 1493.2 1006.2 1510.2 1025.9 10 0.6515 2296.1 1080.1 2310.3 1099.3 10 0.6181 1567.2 1149.1 1575.5 1156.6 10 0.5706 1546.7 1150.0 1554.1 1157.0
02225,8 0.6585 1982.0 1006.7 1997.7 1024.4 8 0.5862 1448.5 1000.7 1463.8 1016.0 10 0.7037 1552.0 996.1 1568.8 1014.0 10 0.4360 413.0 1161.9 425.2 1174.0
02226,8 0.7040 1460.7 982.5 1476.1 997.1 8 0.6614 2115.1 966.1 2135.8 987.4 10 0.7484 1574.6 976.1 1592.2 995.6 10 0.4744 299.2 1154.1 310.7 1162.2
02227,8 0.6794 2124.4 965.2 2142.7 986.5 8 0.6755 1461.4 982.2 1476.2 996.9 8 0.4602 296.9 1135.0 305.3 1143.3 9 0.7637 1557.8 976.2 1575.5 995.9
02228,8 0.6323 2492.5 999.8 2519.3 1025.0 8 0.4801 1897.2 873.6 1916.0 896.5 8 0.4070 845.9 1157.5 856.0 1170.4 10 0.7190 2077.6 833.4 2103.8 863.3 10 0.6647 2542.8 1062.6 2567.3 1079.6
02229,8 0.6958 1999.9 1033.1 2011.2 1047.8 10 0.8045 1202.3 944.5 1222.3 963.2 10 0.5696 2100.3 1140.1 2109.3 1152.2 10 0.5151 1250.4 1166.6 1254.8 1173.3 10 0.4741 1278.1 1166.8 1283.1 1173.3
02230,8 0.4182 1124.1 1106.7 1131.6 1113.9 10 0.7555 1096.0 962.1 1117.4 982.0
02231,8 0.5498 1214.1 1152.7 1221.3 1158.8
02233,8 0.6572 1397.6 1097.0 1407.9 1107.8 10 0.6102 1363.1 1098.5 1373.2 1108.8 10 0.5467 1470.7 1170.4 1477.3 1176.9 10 0.4459 1505.7 871.1 1525.0 891.3
02234,8 0.5991 2102.1 930.9 2123.5 953.2 8 0.5217 2203.8 1089.0 2217.0 1099.0 10 0.7039 2018.2 937.7 2039.0 959.2 10 0.6985 2188.2 1122.1 2199.8 1133.6
02235,0 0.0001 0.0 0.0 1.0 1.0
02236,8 0.6972 1083.9 749.8 1115.7 783.2 10 0.8139 1345.8 744.1 1383.8 780.9 10 0.5274 1232.2 1163.7 1237.8 1170.4
02237,8 0.6717 453.1 1086.8 468.1 1101.1 8 0.6268 461.0 1151.6 474.1 1160.7 8 0.5626 2294.9 979.5 2305.6 993.7 8 0.5545 804.3 1086.1 813.6 1096.0 8 0.4482 2195.5 858.6 2213.3 877.4 10 0.7725 442.7 1175.5 454.4 1186.9 10 0.7529 454.6 1062.3 470.3 1077.0
02238,0 0.0001 0.0 0.0 1.0 1.0
02239,8 0.6938 1722.1 1007.0 1737.8 1023.8 10 0.6041 1839.5 1005.2 1857.2 1022.1
02240,10 0.8137 2074.9 880.8 2112.4 917.7 10 0.7706 46.4 925.9 96.7 966.3
02241,10 0.7113 737.4 1104.1 752.3 1118.0
02242,10 0.8357 1424.9 1088.6 1439.6 1103.0 10 0.7350 730.8 1101.7 746.8 1116.2
02243,8 0.5832 1830.2 1101.5 1840.8 1113.0 10 0.5479 1848.2 1128.9 1854.1 1135.4 10 0.5276 1383.7 1072.9 1395.9 1085.6 10 0.5251 1815.6 1172.9 1822.9 1183.3
02247,10 0.7530 1475.6 1021.3 1488.8 1034.8 10 0.7291 677.6 1047.2 696.7 1063.4
02249,8 0.6429 253.1 837.3 283.1 862.3 8 0.6410 1088.3 1124.7 1097.6 1136.8 8 0.5746 1424.2 1119.7 1433.1 1131.1
02251,8 0.6199 266.2 974.5 288.5 996.9 10 0.7459 1455.1 963.0 1481.9 989.8 10 0.7246 304.7 1027.5 328.4 1049.8 10 0.5350 2082.8 956.0 2099.2 976.8
02252,8 0.7143 1896.3 883.9 1918.4 908.8 8 0.6757 236.7 1111.6 249.6 1124.3 8 0.6746 1387.2 649.4 1421.6 684.6 8 0.6066 983.7 666.8 1011.9 701.9 10 0.7579 1273.8 650.9 1317.7 692.3 10 0.5914 1953.1 961.9 1970.2 978.8
02253,10 0.7433 1081.0 1159.6 1095.6 1173.7 10 0.5336 1488.9 1134.5 1499.4 1145.6
02255,8 0.5123 1172.9 1007.4 1189.3 1023.1
02257,8 0.6325 1256.4 1136.8 1265.1 1145.2 8 0.4151 874.8 805.6 901.6 835.2 10 0.5600 1579.6 772.4 1614.0 809.6
02259,8 0.6756 1436.1 1127.4 1442.6 1135.3 8 0.4553 1371.3 1129.4 1381.4 1137.3
02260,8 0.7525 1647.0 1031.4 1659.2 1044.2 8 0.5675 1900.6 1103.4 1907.9 1110.8 10 0.7092 1544.6 1033.8 1555.0 1044.5 10 0.6279 1888.0 1124.5 1895.8 1133.3
02261,8 0.6681 1647.4 1034.2 1659.0 1047.3 8 0.5749 1900.4 1106.0 1908.3 1112.6 10 0.6799 1887.8 1126.6 1896.1 1135.9 10 0.6584 1544.7 1036.1 1555.2 1047.4
02262,8 0.6767 1647.2 1034.0 1658.8 1047.2 8 0.5549 1901.0 1106.0 1908.2 1112.4 10 0.6899 1887.7 1126.6 1896.2 1135.9 10 0.6397 1544.6 1035.7 1555.3 1047.6
02263,8 0.6588 1647.5 1034.2 1658.6 1047.2 8 0.5347 1517.0 1036.0 1528.7 1047.6 8 0.4926 1888.2 1105.9 1896.2 1114.0 8 0.4373 1900.6 1105.7 1908.3 1113.1
02264,8 0.7057 1653.8 1039.3 1665.8 1052.1 8 0.5655 1523.3 1037.7 1535.0 1049.2 8 0.5333 1905.1 1118.5 1911.9 1125.8
02266,8 0.6778 1521.7 1038.2 1533.4 1049.8 8 0.6538 1652.3 1038.4 1663.6 1051.4 8 0.4899 1905.2 1116.1 1911.3 1122.5 8 0.4633 1891.3 1116.1 1898.3 1123.6
02267,8 0.6611 1521.8 1038.2 1533.4 1049.8 8 0.6457 1652.4 1038.3 1663.8 1051.4 8 0.4512 1905.4 1116.1 1912.3 1122.7
02268,8 0.6425 1652.5 1038.4 1663.6 1051.4 8 0.6281 1521.7 1038.3 1533.6 1049.8 8 0.4175 2132.6 1125.5 2139.2 1134.4
02269,8 0.7282 1521.7 1038.1 1533.5 1049.7 8 0.6423 1652.5 1038.5 1663.9 1051.0 8 0.5295 1904.8 1115.7 1911.8 1122.8 10 0.4392 1440.5 1180.5 1444.8 1184.3
02270,8 0.6922 1521.8 1038.2 1533.4 1049.7 8 0.5599 1653.9 1038.3 1675.1 1051.7 8 0.5005 1905.2 1116.0 1911.2 1122.5 8 0.4005 1891.5 1116.2 1898.4 1123.8 10 0.4592 1440.3 1180.7 1445.1 1185.0
02272,8 0.6780 1559.4 1068.9 1569.0 1081.0
02273,8 0.6786 1649.6 1020.5 1663.7 1036.4 8 0.5352 1935.5 1125.1 1943.8 1132.7
02274,8 0.6739 1649.6 1020.4 1664.1 1036.2 8 0.5615 1935.7 1125.0 1943.7 1132.5
02275,8 0.6753 1649.5 1020.3 1663.9 1036.4 8 0.5034 1935.4 1125.1 1943.9 1132.6
02276,8 0.6730 1650.1 1020.5 1664.3 1036.1 8 0.5034 1936.0 1125.2 1944.0 1132.6 9 0.5563 1752.9 1021.3 1763.7 1034.8
02277,8 0.5723 2168.4 920.1 2182.0 939.9 10 0.7427 2091.6 924.8 2108.9 944.2 10 0.5836 2467.4 1093.1 2475.8 1101.7
02278,10 0.6713 1222.3 1128.1 1229.4 1136.2 10 0.6127 1194.9 1130.4 1202.1 1138.6
02279,10 0.8106 514.7 934.1 537.3 952.4 10 0.7771 422.7 932.4 443.4 950.8
02281,8 0.4482 1708.2 1116.2 1714.7 1123.8
02282,0 0.0001 0.0 0.0 1.0 1.0
02283,10 0.7570 1865.9 1005.4 1879.1 1017.5 10 0.7160 2237.7 1089.7 2247.8 1102.1 10 0.6498 2003.8 1109.8 2013.8 1118.9
02284,8 0.5680 2238.8 940.9 2246.7 949.5 10 0.8115 1338.8 993.1 1351.0 1005.4 10 0.7150 720.0 1085.6 729.5 1096.9 10 0.5251 1827.1 1067.0 1834.8 1075.1
02285,8 0.5049 1138.2 1105.9 1144.0 1111.6 10 0.6214 1166.7 1104.5 1173.0 1110.3 10 0.5310 1221.5 1130.3 1228.1 1136.6
02286,8 0.6670 1130.3 1080.2 1139.6 1090.1 10 0.7476 1306.7 1138.2 1315.4 1146.0 10 0.6706 1193.0 1078.0 1203.6 1088.7 10 0.6528 1413.4 1137.1 1421.6 1147.3 10 0.5418 403.7 1161.1 411.3 1169.3
02287,8 0.7460 1855.8 578.1 1910.2 627.4
02288,8 0.6818 584.1 813.8 601.4 831.3 8 0.5919 560.0 995.7 570.0 1009.2 10 0.4583 2529.2 789.7 2543.4 804.1
02289,8 0.5620 515.2 815.1 534.9 834.3 10 0.6476 487.5 1032.0 497.7 1047.4
02290,8 0.5029 515.3 815.2 534.7 834.3 10 0.5985 485.3 1032.9 498.3 1046.6 10 0.5134 489.4 1017.6 500.3 1028.4
02291,8 0.6619 515.7 814.6 535.2 834.6
02292,8 0.5783 979.5 1023.1 991.5 1049.3 10 0.8289 996.4 751.7 1033.0 784.3
02293,8 0.5259 1724.9 1080.5 1729.6 1087.8 8 0.5121 1463.6 1085.1 1470.9 1093.5 10 0.6010 1665.2 1126.9 1670.5 1135.3
02294,8 0.6354 1451.2 1040.0 1459.6 1048.9 8 0.5369 1796.1 1067.3 1803.3 1074.1
02295,10 0.6259 942.2 564.2 1011.2 636.9
02296,8 0.7526 1580.8 1056.8 1594.8 1071.9 8 0.7377 1328.6 1060.2 1342.1 1074.7 8 0.6221 1825.7 1112.8 1835.1 1124.7 8 0.5604 346.7 1108.3 358.7 1121.7 10 0.7403 1330.2 1030.0 1342.8 1043.3 10 0.6976 1580.8 1125.3 1591.2 1136.8 10 0.6709 1581.7 1032.5 1592.9 1044.2
02298,8 0.7619 1580.7 1058.2 1594.7 1072.7 8 0.7453 1328.7 1061.9 1342.4 1076.1 8 0.5706 1825.9 1114.1 1835.0 1125.9 8 0.5228 346.9 1110.1 357.7 1123.6 9 0.7888 1330.7 1018.5 1343.5 1031.0 9 0.7351 1581.5 1116.4 1591.0 1126.7 9 0.7258 1582.5 1021.0 1594.7 1032.0
02299,8 0.7790 1330.9 1004.3 1344.2 1016.7 8 0.7650 1581.8 1004.5 1594.9 1017.4 8 0.7601 1580.7 1058.3 1594.6 1072.7 8 0.7381 1328.7 1061.6 1342.6 1076.0 8 0.6766 1582.2 1104.9 1591.9 1116.3 8 0.5656 1825.8 1114.2 1835.0 1125.5 8 0.4892 347.3 1110.8 357.6 1123.3 10 0.4666 2330.8 925.0 2344.4 935.5
02301,8 0.7311 1502.4 1020.2 1517.8 1038.7 8 0.5453 1284.0 1171.9 1290.3 1177.4
02302,8 0.6274 1503.3 1020.4 1517.5 1037.3 8 0.5345 1507.9 1042.3 1517.5 1057.8 8 0.4735 1284.4 1171.8 1290.4 1178.2
02303,10 0.6047 1754.1 887.8 1784.8 926.7 10 0.5134 1295.0 1176.0 1301.3 1182.9
02304,8 0.7628 1217.6 1057.4 1228.4 1068.5
02305,8 0.4980 2129.1 1011.4 2137.5 1020.0 10 0.7467 1091.4 1024.6 1110.0 1044.2
02306,8 0.6694 1289.4 881.9 1309.0 902.2 8 0.6273 1488.3 889.9 1509.3 910.4 8 0.6057 1667.0 1037.9 1677.0 1050.7 10 0.7359 1434.1 888.1 1454.6 908.7 10 0.5547 1692.1 1077.2 1699.3 1085.4
02307,8 0.6062 1280.1 1112.7 1289.2 1120.8 8 0.5770 1829.2 1105.9 1837.5 1117.9 10 0.7032 1264.7 1133.1 1275.3 1144.2 10 0.6297 1108.7 1036.3 1132.7 1050.3
02309,8 0.7223 1088.5 1038.6 1102.1 1052.9 8 0.5867 1151.7 1036.4 1166.9 1051.2 8 0.5858 1265.6 1114.4 1274.9 1123.8 8 0.4643 1829.0 1106.5 1837.6 1118.6
02310,8 0.7184 1088.5 1038.7 1102.4 1052.6 8 0.6421 1151.8 1036.3 1166.9 1051.2 8 0.5932 1829.4 1107.1 1838.0 1118.8
02311,8 0.7026 1088.6 1038.7 1102.4 1052.8 8 0.6987 1151.8 1036.4 1166.9 1051.5 8 0.4076 1829.6 1106.8 1837.6 1118.7
02313,8 0.7603 1349.8 983.9 1369.9 1004.2 8 0.6069 1618.2 1121.0 1633.1 1136.4 10 0.7054 1491.7 985.6 1511.8 1006.4 10 0.5593 1638.8 1156.9 1654.8 1169.9
02315,8 0.6918 1489.4 1083.7 1501.9 1097.4 8 0.6618 2158.8 1165.3 2167.4 1177.1 8 0.5328 1599.2 1158.3 1607.5 1166.8 8 0.4576 1613.5 1158.5 1622.9 1165.9
02316,8 0.8150 886.2 837.4 912.0 865.1 8 0.6832 1513.4 1052.0 1534.1 1071.6 8 0.5156 2658.9 1098.8 2669.6 1110.9 10 0.7650 1093.8 847.6 1122.9 877.9 10 0.6791 1541.5 1104.8 1560.5 1119.9 10 0.5501 1185.1 1168.2 1190.7 1173.4
02317,8 0.6869 965.4 1042.1 980.5 1057.8 8 0.5930 1224.9 1126.4 1235.2 1137.1 10 0.7436 1058.7 1042.8 1074.3 1058.2 10 0.7069 1811.1 1140.4 1821.3 1152.9 10 0.7065 1239.0 1150.3 1249.9 1160.1 10 0.5717 230.0 1132.6 238.6 1138.6
02318,10 0.4639 783.4 1140.4 789.4 1145.7
02320,8 0.6916 2047.3 1160.5 2056.7 1169.7 10 0.6861 769.9 1108.2 777.1 1116.3 10 0.6139 2371.9 1188.7 2380.5 1198.4 10 0.5909 2373.9 1199.7 2381.7 1207.1
02321,8 0.6316 2425.1 1176.5 2434.0 1188.1 8 0.6279 1940.9 1095.2 1951.9 1106.8 8 0.5080 2103.5 1161.1 2110.4 1166.6 8 0.4290 787.9 1101.0 794.8 1109.9 10 0.7245 2087.0 1177.8 2096.8 1187.5 10 0.6612 1907.7 1094.2 1918.9 1105.4
02322,8 0.8125 534.4 980.9 556.5 1000.4 8 0.7702 542.4 911.9 564.6 930.3 8 0.5653 770.2 1075.6 778.9 1083.5 10 0.6738 588.2 1063.3 597.8 1071.9
02323,8 0.6184 2332.3 1002.1 2349.2 1020.3 8 0.5764 1909.0 1146.7 1916.4 1155.3 8 0.5543 1899.5 1110.6 1907.5 1118.1 8 0.5208 2391.8 1102.6 2398.7 1110.3 8 0.4708 2319.1 1079.0 2329.1 1093.9 8 0.4569 1594.2 1153.6 1601.3 1159.8
02324,8 0.5408 946.4 953.3 962.6 968.7 8 0.5156 856.5 935.0 869.9 951.5 8 0.4780 498.8 1096.7 508.8 1109.1 8 0.4708 1109.6 1139.1 1118.2 1150.0 10 0.5461 1750.1 1099.2 1767.7 1110.7
02326,8 0.5054 904.2 1084.0 912.0 1094.6
02327,8 0.8019 1237.1 942.4 1261.9 968.5 8 0.5619 1334.8 1161.5 1341.9 1167.9 8 0.4815 1335.0 1152.4 1341.8 1159.3 8 0.4568 756.5 1115.3 765.4 1124.8 8 0.4441 1668.2 1163.4 1677.3 1175.6 8 0.4005 1568.4 1183.3 1575.3 1192.3 10 0.6751 893.4 1093.5 902.7 1101.6 10 0.6233 1239.5 911.3 1265.4 936.6
02328,8 0.5303 1094.3 1149.8 1100.5 1157.2 8 0.5181 1812.7 1171.4 1820.9 1177.7 8 0.4388 1812.7 1177.6 1820.6 1185.7 8 0.4240 1746.2 1196.1 1751.8 1203.9
02329,8 0.6206 2279.8 1222.3 2289.9 1233.9 8 0.5933 1716.0 1072.7 1727.9 1084.7 8 0.5359 2269.4 1181.7 2277.7 1191.5 8 0.5226 2514.1 1225.2 2523.4 1236.0 8 0.4871 459.3 1063.2 468.1 1073.0 8 0.4783 188.5 1014.6 197.3 1025.6 8 0.4378 2269.7 1192.8 2277.9 1202.2 10 0.6597 1680.1 1069.8 1690.5 1080.5 10 0.5896 922.4 1076.3 931.7 1085.0
02330,8 0.6068 266.6 1089.0 278.2 1101.2 8 0.4938 1684.5 1124.9 1696.5 1135.0 8 0.4158 1684.5 1137.1 1696.1 1147.8 10 0.5398 1685.2 1160.5 1695.1 1170.1
02331,8 0.4647 987.9 1128.4 996.4 1136.9 10 0.7930 2427.2 876.6 2453.1 897.5 10 0.7375 2284.8 885.1 2313.7 908.4
02333,8 0.5976 2629.2 1012.8 2641.8 1025.8 8 0.5468 2695.2 1003.3 2703.8 1018.0 8 0.4048 938.6 1208.6 961.0 1252.7 10 0.6260 345.4 1119.1 355.2 1129.5 10 0.5846 345.3 1131.7 354.9 1142.3 10 0.4829 1882.2 1175.3 1889.2 1183.2
02334,8 0.5641 2638.5 1010.0 2649.6 1022.4 8 0.5308 1885.2 1163.1 1892.8 1174.0 8 0.4645 2411.9 1063.5 2421.5 1073.4
02337,8 0.6847 1122.2 1035.8 1134.7 1048.4 8 0.6669 1267.9 1109.9 1278.8 1120.4 8 0.6136 439.7 1111.8 451.0 1125.8 8 0.5592 1268.8 1094.8 1278.8 1104.0 8 0.4711 2643.3 773.9 2665.7 796.3 10 0.6765 2580.5 792.7 2614.5 814.6
02339,8 0.5071 874.2 1159.1 879.9 1165.2
02340,8 0.6555 1656.3 1165.5 1665.9 1174.1 8 0.6277 1468.4 1068.8 1483.8 1084.4 10 0.5037 2310.5 760.5 2326.7 775.9
02341,8 0.6381 1657.4 1170.3 1667.3 1178.9 8 0.6241 1514.1 1073.3 1526.0 1087.5 8 0.6039 1469.0 1073.8 1484.0 1088.3 10 0.4316 2323.3 755.4 2342.4 773.2
02342,8 0.4651 2505.8 701.2 2528.3 723.8 10 0.7733 1500.6 1088.3 1515.3 1102.8 10 0.7601 1672.6 1218.6 1683.2 1227.8
02343,8 0.4189 159.4 1142.2 169.2 1150.4 8 0.4159 2051.5 1050.7 2064.5 1061.9 10 0.6863 1059.8 1076.4 1075.0 1091.5 10 0.5830 1626.3 1197.3 1633.5 1203.7 10 0.5826 1138.3 1166.2 1149.5 1177.1 10 0.5786 1626.4 1171.1 1636.0 1183.1
02344,10 0.6965 1109.2 812.7 1143.4 848.4 10 0.6925 1350.1 1076.7 1375.7 1098.7 10 0.5952 1152.0 814.2 1177.4 849.0 10 0.5540 1360.7 1147.7 1370.9 1157.2
02345,9 0.7863 1044.8 716.8 1091.5 763.6 9 0.7219 1384.9 1001.9 1416.6 1031.0
02346,8 0.5768 1728.8 1134.6 1737.3 1149.0 8 0.4588 52.3 1089.3 63.4 1107.1 10 0.7768 1701.4 1134.6 1716.8 1152.2
02347,8 0.8431 856.4 632.5 896.9 671.2 8 0.5577 1543.0 990.6 1566.8 1017.4
02348,8 0.6853 1240.0 1061.2 1249.2 1071.1 8 0.5943 1264.8 1060.9 1273.4 1071.2 8 0.5858 1349.2 1094.6 1356.8 1103.0 8 0.4411 603.9 1091.5 616.7 1111.2
02350,9 0.5512 540.5 1064.8 560.2 1084.4
02351,8 0.5333 1250.7 1058.5 1261.8 1070.0 10 0.6260 1380.8 1094.4 1391.4 1106.6 10 0.5580 1279.3 1078.1 1291.5 1091.1
02352,8 0.5904 1361.9 1018.1 1377.8 1036.2 8 0.4275 908.4 1120.6 916.5 1128.2 8 0.4023 2022.1 1171.9 2032.0 1181.8
02353,0 0.0001 0.0 0.0 1.0 1.0
02354,10 0.7100 604.1 1129.6 619.5 1142.5
02355,8 0.6556 2557.6 456.2 2589.1 485.0 10 0.6937 1323.9 991.8 1348.8 1017.6
02356,8 0.6201 2197.8 1010.2 2214.9 1029.8
02357,8 0.5417 1677.5 1336.9 1697.4 1361.2 8 0.5081 1228.9 855.5 1243.0 869.1 8 0.4342 1162.0 1336.9 1182.3 1360.6 10 0.7690 1740.1 1050.7 1756.8 1069.3
02358,8 0.5067 1392.3 1120.3 1399.7 1127.4 8 0.5052 1225.7 1141.6 1233.3 1150.8 8 0.4226 1534.5 1142.9 1542.8 1150.8 8 0.4213 1400.6 1119.8 1409.1 1127.3 10 0.4648 858.4 1095.0 865.4 1105.2 10 0.4083 858.3 1098.5 865.4 1109.8
02360,10 0.7956 121.8 1002.2 170.3 1038.4 10 0.5026 101.1 1067.5 122.0 1081.5 10 0.4111 87.6 851.1 96.9 860.7 10 0.4067 1263.3 1006.5 1299.6 1033.3
02361,8 0.5260 836.9 1071.7 845.8 1079.2 8 0.4577 832.9 1095.9 841.8 1113.9 10 0.6673 1421.7 1061.8 1431.7 1073.3 10 0.5891 1514.3 1146.2 1524.9 1161.2 10 0.4817 2046.5 1095.7 2056.1 1105.3
02362,8 0.7036 1577.8 1039.7 1590.2 1053.5 8 0.5434 2374.7 1077.0 2386.0 1091.5 10 0.4696 1735.5 1137.4 1743.3 1144.8
02363,8 0.7015 1577.3 1038.6 1590.0 1053.1 8 0.5937 2375.9 1075.5 2386.7 1089.9
02364,8 0.6892 1577.5 1038.2 1590.4 1052.8 8 0.5157 2375.7 1075.9 2386.7 1090.0
02365,8 0.6959 1577.8 1040.0 1589.5 1052.4 8 0.5355 2374.8 1076.2 2386.0 1090.9
02366,8 0.7059 1576.6 1038.1 1590.1 1052.8 8 0.4961 2375.6 1076.0 2386.6 1090.2
02368,8 0.6907 1577.2 1038.0 1590.2 1053.0 8 0.4584 2375.8 1075.9 2386.4 1090.1
02370,8 0.6940 1577.5 1038.8 1589.5 1052.5
02371,8 0.6835 1577.7 1038.9 1589.6 1052.6
02372,8 0.4138 1580.6 1038.6 1601.2 1054.4
02373,10 0.7396 1612.4 1052.9 1630.1 1073.8 10 0.5931 2607.4 1081.8 2621.6 1095.5 10 0.5576 1683.1 1138.7 1691.1 1147.2 10 0.5456 1677.4 1099.7 1686.4 1108.6 10 0.4336 2026.6 1152.0 2037.3 1165.1 10 0.4336 1660.4 1086.9 1668.5 1094.9
02374,10 0.7451 1863.7 1046.1 1876.6 1061.0 10 0.7345 1533.8 986.9 1547.0 1002.4 10 0.4996 1597.5 1040.5 1609.1 1068.9
02375,8 0.4487 1438.8 1151.4 1445.2 1158.7 10 0.6192 1291.9 1086.2 1303.4 1100.6 10 0.4429 1731.0 1130.3 1740.9 1144.4
02377,10 0.4918 2458.5 949.3 2490.0 967.2 10 0.4364 2086.5 1088.0 2100.6 1099.2
02378,8 0.6162 1440.7 971.9 1450.7 981.9 8 0.5051 918.8 994.6 944.9 1019.6 8 0.5019 2104.8 790.6 2140.6 827.8 10 0.7626 2329.9 750.8 2378.5 800.8
02379,0 0.0001 0.0 0.0 1.0 1.0
02380,10 0.6823 1615.2 1065.9 1627.6 1077.3 10 0.6668 1468.1 1092.4 1475.9 1100.7 10 0.6601 1437.3 949.5 1455.4 967.4 10 0.5702 1616.8 1104.6 1628.3 1117.3 10 0.5686 1616.2 1091.5 1628.4 1102.2 10 0.4718 1615.4 1078.3 1628.3 1089.4
02381,10 0.7223 1570.8 1061.9 1581.7 1073.1 10 0.6591 970.6 1132.6 982.0 1146.1
02382,0 0.0001 0.0 0.0 1.0 1.0
02383,8 0.5496 5.1 1102.1 16.5 1114.5 8 0.5039 1621.8 1103.1 1628.7 1110.4 8 0.4707 1622.5 1113.0 1629.0 1119.4
02384,8 0.5881 1704.5 1177.8 1713.3 1190.0 8 0.5833 692.7 1147.2 701.7 1157.6 8 0.5565 1456.8 1159.1 1466.3 1168.3 8 0.4935 1295.5 1066.4 1309.3 1079.2 9 0.4763 1456.6 1170.1 1466.1 1179.9 10 0.4223 2656.2 941.4 2679.9 957.3
02385,8 0.6233 679.8 1156.0 689.2 1166.9 8 0.5660 1466.5 1168.8 1476.9 1178.3 8 0.5217 1724.4 1187.7 1732.4 1198.4 9 0.5546 1466.3 1180.2 1476.6 1190.6 10 0.5078 1189.8 1194.8 1195.3 1201.8
02386,8 0.8543 1035.9 464.0 1094.2 520.4 8 0.6271 1716.4 903.6 1749.9 936.6 8 0.5879 1721.3 985.3 1751.4 1019.2
02387,8 0.5330 2654.9 875.8 2697.0 908.2 10 0.7145 2675.2 990.4 2704.0 1026.8 10 0.6709 2663.9 934.1 2704.0 965.2
02388,8 0.5351 1060.7 1104.3 1070.3 1113.9 8 0.4440 1163.5 1151.9 1170.9 1158.2
02389,8 0.6133 1953.7 998.9 1964.0 1010.0 8 0.6108 996.6 1104.0 1007.1 1114.8 8 0.5597 1110.4 1102.2 1120.4 1112.4 8 0.4213 2003.6 989.5 2015.7 1000.8 10 0.7645 1067.3 1101.6 1080.4 1115.4
02390,8 0.7042 2236.7 937.4 2275.8 979.3 8 0.4490 2231.2 889.6 2268.3 916.7 10 0.7791 1425.6 456.0 1487.1 514.8 10 0.4757 2242.3 997.5 2282.0 1020.8
02391,8 0.4950 415.2 1206.2 423.6 1214.6
02392,8 0.6899 2209.0 660.8 2238.3 700.0 8 0.5390 1701.3 1092.2 1716.3 1114.0 10 0.7474 2496.6 554.4 2541.0 605.0
02393,8 0.4009 1545.6 1146.4 1553.3 1156.7 9 0.4405 1787.4 1147.0 1799.0 1158.7
02395,8 0.6246 1792.5 1021.0 1804.4 1036.0 8 0.5379 1957.2 1162.5 1965.4 1171.8 8 0.4706 1789.8 1041.4 1804.0 1057.2 8 0.4525 1951.8 1138.9 1958.3 1144.8
02396,8 0.7248 1566.4 1038.2 1580.6 1052.9 8 0.6526 1762.1 1131.0 1773.5 1141.5 8 0.6175 331.6 978.3 344.1 991.8 8 0.5824 2328.6 1073.4 2340.1 1083.8 8 0.5598 2346.8 1128.0 2356.7 1139.9 8 0.5550 1762.0 1143.5 1773.5 1152.7 8 0.4898 2329.3 1086.3 2340.9 1097.3 8 0.4333 396.6 991.7 412.5 1004.0 10 0.6850 1518.1 1037.8 1533.2 1053.1 10 0.6477 881.1 1118.2 892.3 1129.1
02397,8 0.6916 1092.4 1120.3 1118.4 1146.5
02398,10 0.6139 1604.0 1147.3 1613.8 1159.0
02399,10 0.6564 1876.3 1132.0 1887.5 1144.7 10 0.5169 1842.8 1135.6 1851.6 1146.2 10 0.5101 1558.1 1082.4 1589.5 1100.1 10 0.5044 889.7 1135.6 899.6 1145.6
02400,8 0.8003 1369.6 859.6 1395.1 886.9 8 0.4134 2425.5 885.0 2454.0 908.4 10 0.6472 1539.4 853.0 1567.1 883.2
028868a9-IMG_1159,1 0.9397 1297.7 1989.6 1612.8 2304.0 3 0.7350 2774.1 2163.0 2977.7 2386.0
087f0993-20260315_190836,1 0.9294 909.9 2544.7 2201.0 3864.2 2 0.8126 1213.3 476.0 2419.1 1977.2
09b013f5-20260315_160008,6 0.9349 912.8 13.9 2193.9 1880.1
0d3110cc-20260315_162531,6 0.9018 1696.9 1019.8 2530.8 1866.2
0e9c8f0d-IMG_2100,7 0.8196 671.6 564.8 812.2 734.0
100f26d9-IMG_0319,6 0.9459 384.8 348.5 857.1 744.8
135c5809-20260317_004805,7 0.4671 268.6 836.3 1843.3 3674.9
16000c35-20260315_192218,3 0.9415 1288.4 1134.4 2296.0 2113.7
18aa30a8-20260315_162814,4 0.9628 1396.7 942.8 2762.4 2204.9
18cb5eee-20260313_172707,5 0.9651 1408.2 327.8 2582.5 1359.7 1 0.9107 1366.9 1536.0 2502.6 2596.3
19f48c58-20260313_181149,0 0.9225 1425.0 936.8 1922.6 1647.2
1cb0eee6-20260315_165421,6 0.9375 1052.9 360.8 2665.3 1880.6
1f4bfa8f-20260317_003638,0 0.9172 355.6 680.2 1812.1 2685.5
1f6dd0c8-20260315_192304,2 0.9075 1418.2 512.0 2349.0 1942.3
20ead35b-20260314_180411,4 0.8841 2269.3 1676.5 2622.8 2020.8
24c2c160-20260315_162804,1 0.9252 470.5 2869.1 756.9 3253.0 1 0.8940 1943.5 2219.3 2399.4 2867.0 6 0.8410 549.8 206.6 2298.6 1895.3
252ab1ce-IMG_6444,1 0.9363 1410.7 1832.0 1710.4 2145.3 4 0.9120 1384.1 1517.9 1717.1 1851.2
27c9e25a-IMG_0317,1 0.9337 2637.3 1632.6 3481.1 2398.9
280e9329-20260315_164015,2 0.8187 793.0 867.7 2739.6 2523.9 6 0.6483 796.1 848.0 2705.4 2529.9
28f05799-20260317_012311,0 0.8893 2001.0 1014.1 2291.6 1504.9
298ac4ae-20260317_010346,3 0.8894 906.4 567.8 1468.0 1156.1
2aa5f68c-20260315_193517,2 0.9184 1563.4 1123.8 2275.2 1777.5
2d555716-20260313_144956,1 0.8278 1222.9 889.8 1916.8 1577.8
2f405728-20260315_191858,4 0.9527 1461.4 1023.3 2236.6 1779.3
327b9d3f-20260315_192627,6 0.9659 776.9 484.3 1827.5 1998.9
32f319ef-20260317_010138,4 0.8276 1115.4 1520.7 1280.9 1684.2
33a2f096-20260314_174713,1 0.8914 1047.3 1883.0 2146.8 2919.0
3551f29b-20260315_163836,0 0.8602 507.1 99.1 1731.4 2772.2
359fb712-20260317_005513,3 0.9753 1652.5 846.8 2158.5 1340.4
43ffaa03-20260317_011647,3 0.8815 1087.9 627.6 1863.6 1377.2
44445f1f-20260317_005835,3 0.7911 1756.5 1444.7 2055.9 1767.5
45cc3bfc-20260313_181255,5 0.8564 1309.4 1172.0 1903.6 1792.6
4683946d-20260317_005339,0 0.9356 1756.6 1017.8 1930.4 1299.8
46bb34f3-20260314_174744,5 0.9100 205.5 57.2 3029.3 2979.5 5 0.8531 449.0 766.8 3058.3 2988.0
4bdf8d6e-IMG_6397,1 0.7070 1900.2 1659.8 2088.9 1861.6
4fdf5014-20260317_010641,0 0.0001 0.0 0.0 1.0 1.0
50ac46c6-IMG_1154,1 0.8148 1309.4 1638.3 1871.0 2401.1 4 0.7998 480.2 2067.7 791.5 2491.8
51211087-20260315_192841,2 0.9126 522.4 1212.2 1707.4 2769.0
576234cb-20260315_160530,5 0.7288 1682.7 1618.4 1974.4 1924.0
59563e30-20260310_172209,1 0.9341 1285.7 967.8 2195.4 1945.6
597b13dd-20260315_192433,5 0.9506 1052.7 813.3 1982.6 1772.5
5cd65cb4-20260315_161108,6 0.9381 1514.8 1347.3 1841.1 1642.0
5d641583-IMG_0333,1 0.9437 2544.0 1394.4 3529.0 2360.7
603e272f-20260310_171705,1 0.8612 1137.8 1527.7 1596.8 1974.6
662f85e2-20260313_154445,1 0.5032 72.6 1795.0 213.6 1928.8 4 0.4073 2551.1 1904.6 2678.4 2006.0
67f5f07d-20260315_163513,6 0.9277 1120.0 473.7 2802.1 2128.2
68380871-20260317_011859,0 0.9109 1294.8 687.9 1742.9 1559.8
68d78580-20260315_194551,0 0.9069 702.6 1317.9 1261.9 2114.3
695de6e3-20260315_163036,7 0.8841 1420.6 1611.2 1900.1 2235.4
698264c5-20260315_163120,5 0.8767 1052.0 1572.1 1567.5 2209.1
6acc5b99-20260315_190944,2 0.8697 1625.8 1570.1 2067.2 1948.1 1 0.8443 1719.6 2082.4 2017.4 2426.5
6ce7469b-20260317_010235,2 0.9178 1494.4 1456.4 1882.7 1855.3
6d64805d-IMG_0311,2 0.9055 2533.1 1223.5 3388.6 2120.6
6daa2041-20260314_175130,0 0.0001 0.0 0.0 1.0 1.0
7180db68-20260317_010545,7 0.7876 1221.9 1626.6 1518.5 1961.1
72365576-20260314_174449,4 0.9316 1832.2 3.6 3056.4 1957.6 4 0.8646 425.0 3143.5 954.4 3716.0
72402ca8-20260315_162409,6 0.8618 1366.1 1557.1 1720.9 1915.0
75f2b006-20260315_163743,4 0.9447 1894.6 2151.7 2552.9 2955.9
7c2daa18-20260315_154827,5 0.8642 360.5 1314.4 1063.4 1957.7
7ff47f5c-IMG_6410,5 0.8374 1187.6 1543.4 1754.6 2089.2 5 0.4947 1039.5 2057.2 1135.5 2149.3
800ded3c-20260313_151311,1 0.8986 1293.8 1168.5 1774.8 1679.5
808d66a1-20260313_174858,4 0.4581 950.2 1582.6 1102.0 1759.5
80f91fa7-20260315_165754,7 0.9353 1345.8 1524.1 1897.2 2180.6
83623cf5-20260315_194416,2 0.7908 788.8 645.2 2213.5 2565.6
8786c83b-20260315_155429,7 0.8994 1628.2 167.7 1920.9 470.3
88cd3a7f-20260315_192636,5 0.9600 295.1 968.2 1057.2 1719.7 3 0.9494 268.3 1734.6 1017.8 2507.7
8970b126-20260315_193204,0 0.0001 0.0 0.0 1.0 1.0
8b28269f-IMG_0313,6 0.8984 368.4 388.3 560.8 609.0
8c5fcc20-IMG_6421,4 0.4761 1816.9 1510.1 2136.8 1845.5 3 0.4361 1817.2 1509.3 2134.4 1845.2
8cd5d592-20260317_004501,2 0.8397 1161.0 1373.4 1417.9 1658.0
8f07997a-20260315_194137,5 0.9620 1555.9 1091.5 2686.7 2128.4 1 0.9333 1523.8 2149.5 2700.8 3318.3
8f4a5b4c-20260316_163542,2 0.8760 1382.1 915.2 1792.2 1330.4
907eba4a-20260317_011928,2 0.9232 1621.9 818.8 2249.0 1363.1
91b55b35-20260314_172221,5 0.9192 927.4 1549.8 1510.5 2048.2
95a7a5b9-20260315_191046,3 0.8826 1210.1 1572.6 1727.6 2178.5
97f95afc-20260314_175006,0 0.9223 1539.7 1399.2 1766.7 1868.6
99e2e414-20260314_180427,0 0.0001 0.0 0.0 1.0 1.0
9de376a4-20260317_003700,2 0.8576 1070.9 1522.0 1451.4 1926.7
9f586a2c-20260317_002950,0 0.8460 2167.2 1982.6 2534.8 2572.9
a08dbef3-20260314_175145,4 0.9142 1275.8 856.4 1849.4 1423.4
a14640aa-20260315_190401,0 0.9361 1405.1 2384.0 2317.4 3806.3
a2b531c5-20260317_004923,3 0.9364 1492.8 1141.4 1911.3 1581.4
a844f038-20260315_165058,6 0.9586 1484.7 677.4 2483.5 2149.2
aa280b30-20260315_195750,6 0.8616 1929.0 1380.6 2391.0 1871.4
af83150b-20260317_011442,0 0.0001 0.0 0.0 1.0 1.0
af858c08-20260315_160151,5 0.9361 1372.1 1025.9 2017.4 1691.8
b32426eb-20260317_011338,2 0.9021 1662.1 874.0 2075.6 1298.8
b637d430-20260315_163000,4 0.9199 1497.8 1731.7 2523.6 2706.9
b6bd202d-20260315_191116,3 0.9313 1617.2 509.6 2285.4 1208.7
b74a7ef6-20260317_005001,3 0.9105 1014.1 1522.6 1670.9 2189.8
b9ee49e3-20260315_194050,5 0.9506 1072.8 438.8 1811.6 1217.5
ba3db954-20260315_190926,4 0.8760 591.5 602.4 1276.6 1338.3
ba89b487-20260317_010650,2 0.9298 1159.6 602.8 1994.9 1400.1
bb25a000-20260315_191309,4 0.9080 1532.7 1198.5 2153.0 1842.9
bb69ee12-20260315_194009,6 0.9264 831.3 777.6 1604.4 1650.8
bf1cedf3-20260316_163558,0 0.8214 1979.6 982.1 2182.5 1312.6
c50cbf33-IMG_6448,1 0.9245 1403.8 747.2 1894.9 1288.1
c5e17866-20260314_173201,5 0.9065 604.0 1157.8 1541.9 2099.7 1 0.8095 562.3 2139.6 1599.4 3085.7 4 0.7614 1505.1 1102.3 2506.4 2106.7
c7b7b733-20260315_195849,2 0.8946 1002.0 779.2 2020.3 1826.7
c88612de-20260314_180831,0 0.9333 1989.7 410.7 2604.3 1386.4
ca3ef2f1-20260315_192413,1 0.9361 1275.9 1792.7 2379.0 2901.9
ccac082e-20260315_154039,4 0.9464 1096.8 1413.9 1456.7 1801.1
cef235fc-20260315_190622,7 0.9501 1949.1 1407.3 2715.4 2216.4 1 0.5234 1105.1 569.0 1377.8 863.0
cf72e7be-20260315_161657,6 0.9556 1105.3 2069.3 1378.7 2278.5 1 0.4201 1133.2 2268.6 1357.2 2490.2
cfb76934-20260315_195513,7 0.8770 1257.7 1586.7 1748.5 2097.7
cfd31bc1-20260317_012543,3 0.9336 1569.9 693.1 2121.8 1198.2
d0e9f420-20260315_161347,0 0.9500 1449.5 887.6 2606.0 2559.9
d3e9d0ae-20260315_193100,4 0.9593 1728.2 1435.5 2623.3 2243.3
d7148f2d-20260315_191558,4 0.9472 899.2 497.9 1893.8 1536.6
d7309c83-IMG_6396,2 0.5366 1485.8 1341.3 1961.7 1770.8
d7dcf89e-20260315_194441,5 0.9170 1128.7 1378.5 1948.0 2088.7 1 0.5633 1143.8 2086.8 1891.5 2768.9
d8450aa8-IMG_6446,5 0.9382 1353.9 1119.9 1635.6 1440.5
d9b8183d-20260315_163434,4 0.9399 1149.2 645.3 1954.7 1609.5
d9f029f7-IMG_6422,6 0.8892 1268.1 1561.6 1548.3 1794.0
dbd131f4-20260314_172718,5 0.9557 1142.7 565.7 2296.2 1738.3 1 0.8450 967.3 1640.2 2119.0 3024.5
e391eb9e-20260317_002923,2 0.9423 987.3 973.9 1795.8 1796.6
e8c19f41-20260315_194843,6 0.8053 991.5 1749.2 1350.6 2085.7
e8f0f39d-IMG_0349,2 0.8791 1586.7 1259.0 2546.6 2064.4
e9c74bee-20260315_193250,7 0.8872 1001.1 267.2 1701.0 1261.4
ed580681-20260315_155508,0 0.8690 1995.2 746.8 2763.9 1847.0
ef57008e-20260315_155110,7 0.9192 1327.4 1373.8 1732.5 1847.3
f03ba05e-20260315_154300,5 0.9142 1308.6 1179.4 1956.9 1814.9
f1aa95fd-20260317_002734,3 0.8710 1414.1 1393.0 2017.1 2100.8
f48dcf67-20260315_193601,1 0.9139 1079.9 1642.2 1888.4 2364.7
f5f3b382-20260317_003712,7 0.8963 1871.3 1591.6 2081.7 1820.8
