id,dialect
17696,0
17697,0
17698,0
17699,0
17700,1
17701,0
17702,0
17703,0
17704,2
17705,0
17706,0
17707,0
17708,1
17709,1
17710,1
17711,0
17712,0
17713,2
17714,0
17715,0
17716,0
17717,0
17718,0
17719,1
17720,0
17721,0
17722,0
17723,3
17724,0
17725,0
17726,0
17727,0
17728,0
17729,3
17730,1
17731,0
17732,0
17733,0
17734,0
17735,0
17736,3
17737,1
17738,0
17739,0
17740,1
17741,0
17742,0
17743,1
17744,2
17745,0
17746,0
17747,2
17748,1
17749,0
17750,0
17751,0
17752,0
17753,0
17754,0
17755,0
17756,0
17757,0
17758,0
17759,0
17760,0
17761,1
17762,0
17763,0
17764,0
17765,1
17766,1
17767,0
17768,0
17769,0
17770,2
17771,0
17772,0
17773,0
17774,0
17775,0
17776,0
17777,0
17778,0
17779,0
17780,0
17781,0
17782,1
17783,0
17784,1
17785,0
17786,0
17787,0
17788,0
17789,1
17790,2
17791,2
17792,0
17793,0
17794,0
17795,0
17796,1
17797,0
17798,0
17799,0
17800,1
17801,0
17802,0
17803,1
17804,0
17805,0
17806,0
17807,1
17808,2
17809,0
17810,0
17811,0
17812,1
17813,0
17814,1
17815,2
17816,0
17817,0
17818,1
17819,1
17820,0
17821,0
17822,0
17823,0
17824,0
17825,0
17826,2
17827,0
17828,2
17829,0
17830,0
17831,2
17832,0
17833,0
17834,1
17835,0
17836,0
17837,1
17838,0
17839,1
17840,0
17841,0
17842,0
17843,0
17844,0
17845,0
17846,0
17847,0
17848,0
17849,0
17850,2
17851,0
17852,1
17853,2
17854,1
17855,1
17856,0
17857,0
17858,1
17859,0
17860,0
17861,1
17862,0
17863,0
17864,0
17865,0
17866,1
17867,0
17868,0
17869,0
17870,0
17871,1
17872,2
17873,0
17874,0
17875,0
17876,0
17877,0
17878,3
17879,0
17880,1
17881,0
17882,0
17883,0
17884,0
17885,3
17886,0
17887,3
17888,0
17889,0
17890,0
17891,1
17892,2
17893,0
17894,0
17895,0
17896,0
17897,0
17898,1
17899,1
17900,0
17901,1
17902,0
17903,0
17904,1
17905,0
17906,0
17907,2
17908,0
17909,1
17910,0
17911,0
17912,0
17913,0
17914,0
17915,0
17916,0
17917,0
17918,0
17919,0
17920,0
17921,0
17922,0
17923,0
17924,0
17925,0
17926,0
17927,1
17928,0
17929,0
17930,0
17931,0
17932,3
17933,0
17934,0
17935,2
17936,1
17937,0
17938,0
17939,0
17940,0
17941,0
17942,3
17943,0
17944,0
17945,0
17946,0
17947,3
17948,0
17949,2
17950,0
17951,2
17952,2
17953,1
17954,0
17955,1
17956,0
17957,0
17958,0
17959,0
17960,1
17961,3
17962,0
17963,1
17964,0
17965,0
17966,0
17967,0
17968,2
17969,0
17970,0
17971,2
17972,0
17973,0
17974,0
17975,0
17976,0
17977,1
17978,0
17979,0
17980,2
17981,0
17982,0
17983,2
17984,0
17985,0
17986,0
17987,0
17988,0
17989,0
17990,0
17991,0
17992,3
17993,2
17994,2
17995,0
17996,0
17997,1
17998,0
17999,0
18000,0
18001,0
18002,0
18003,1
18004,0
18005,0
18006,0
18007,0
18008,0
18009,0
18010,0
18011,1
18012,0
18013,0
18014,2
18015,0
18016,2
18017,0
18018,0
18019,0
18020,0
18021,0
18022,0
18023,2
18024,0
18025,0
18026,0
18027,0
18028,1
18029,0
18030,1
18031,1
18032,0
18033,1
18034,0
18035,0
18036,0
18037,2
18038,0
18039,0
18040,0
18041,1
18042,0
18043,0
18044,0
18045,0
18046,0
18047,0
18048,0
18049,0
18050,2
18051,1
18052,0
18053,1
18054,1
18055,0
18056,0
18057,0
18058,0
18059,0
18060,2
18061,0
18062,0
18063,0
18064,0
18065,0
18066,2
18067,0
18068,0
18069,0
18070,0
18071,0
18072,0
18073,0
18074,0
18075,0
18076,0
18077,0
18078,0
18079,0
18080,2
18081,0
18082,0
18083,1
18084,1
18085,2
18086,1
18087,2
18088,1
18089,0
18090,3
18091,0
18092,0
18093,0
18094,0
18095,0
18096,0
18097,0
18098,0
18099,0
18100,0
18101,0
18102,0
18103,1
18104,1
18105,2
18106,3
18107,0
18108,0
18109,0
18110,1
18111,2
18112,0
18113,0
18114,0
18115,0
18116,0
18117,0
18118,0
18119,2
18120,0
18121,0
18122,2
18123,0
18124,0
18125,3
18126,0
18127,0
18128,1
18129,0
18130,0
18131,0
18132,1
18133,2
18134,0
18135,0
18136,0
18137,3
18138,1
18139,1
18140,0
18141,0
18142,0
18143,1
18144,0
18145,2
18146,1
18147,1
18148,0
18149,0
18150,0
18151,0
18152,0
18153,0
18154,0
18155,1
18156,0
18157,0
18158,0
18159,0
18160,0
18161,0
18162,0
18163,0
18164,0
18165,0
18166,0
18167,0
18168,0
18169,0
18170,0
18171,2
18172,0
18173,0
18174,0
18175,0
18176,0
18177,0
18178,0
18179,0
18180,1
18181,0
18182,0
18183,0
18184,0
18185,0
18186,0
18187,0
18188,0
18189,0
18190,0
18191,0
18192,0
18193,0
18194,0
18195,0
18196,0
18197,3
18198,0
18199,3
18200,1
18201,0
18202,1
18203,0
18204,0
18205,0
18206,0
18207,0
18208,0
18209,0
18210,0
18211,0
18212,0
18213,0
18214,2
18215,1
18216,0
18217,0
18218,0
18219,0
18220,0
18221,0
18222,0
18223,3
18224,0
18225,0
18226,0
18227,0
18228,0
18229,1
18230,0
18231,1
18232,0
18233,0
18234,0
18235,0
18236,0
18237,0
18238,0
18239,0
18240,0
18241,0
18242,0
18243,0
18244,0
18245,1
18246,0
18247,0
18248,3
18249,0
18250,0
18251,1
18252,0
18253,0
18254,1
18255,0
18256,0
18257,0
18258,3
18259,0
18260,0
18261,0
18262,3
18263,0
18264,0
18265,2
18266,0
18267,0
18268,0
18269,0
18270,0
18271,0
18272,0
18273,0
18274,0
18275,0
18276,0
18277,2
18278,0
18279,0
18280,1
18281,0
18282,0
18283,1
18284,1
18285,0
18286,1
18287,0
18288,0
18289,0
18290,2
18291,0
18292,2
18293,0
18294,0
18295,0
18296,1
18297,2
18298,1
18299,0
18300,0
18301,2
18302,0
18303,1
18304,2
18305,0
18306,0
18307,1
18308,0
18309,0
18310,1
18311,0
18312,2
18313,0
18314,0
18315,0
18316,0
18317,3
18318,0
18319,0
18320,0
18321,0
18322,0
18323,1
18324,0
18325,0
18326,0
18327,0
18328,0
18329,0
18330,0
18331,0
18332,0
18333,0
18334,0
18335,1
18336,0
18337,0
18338,1
18339,0
18340,0
18341,0
18342,0
18343,0
18344,0
18345,2
18346,2
18347,0
18348,0
18349,0
18350,0
18351,0
18352,0
18353,1
18354,0
18355,0
18356,2
18357,0
18358,0
18359,0
18360,1
18361,0
18362,0
18363,0
18364,0
18365,0
18366,0
18367,0
18368,1
18369,0
18370,1
18371,0
18372,0
18373,0
18374,1
18375,0
18376,1
18377,0
18378,0
18379,0
18380,0
18381,0
18382,0
18383,1
18384,0
18385,0
18386,0
18387,0
18388,0
18389,0
18390,0
18391,0
18392,0
18393,0
18394,0
18395,0
18396,1
18397,0
18398,0
18399,1
18400,1
18401,2
18402,3
18403,0
18404,0
18405,0
18406,0
18407,0
18408,1
18409,0
18410,0
18411,0
18412,1
18413,0
18414,0
18415,1
18416,0
18417,0
18418,0
18419,0
18420,0
18421,0
18422,0
18423,0
18424,0
18425,0
18426,0
18427,1
18428,0
18429,0
18430,1
18431,0
18432,0
18433,0
18434,0
18435,0
18436,1
18437,1
18438,0
18439,1
18440,1
18441,0
18442,1
18443,0
18444,0
18445,0
18446,0
18447,1
18448,0
18449,0
18450,2
18451,0
18452,1
18453,0
18454,0
18455,0
18456,0
18457,0
18458,2
18459,0
18460,2
18461,0
18462,0
18463,0
18464,0
18465,0
18466,1
18467,0
18468,0
18469,0
18470,0
18471,0
18472,0
18473,0
18474,0
18475,0
18476,0
18477,0
18478,0
18479,2
18480,0
18481,0
18482,2
18483,0
18484,0
18485,0
18486,0
18487,1
18488,1
18489,2
18490,1
18491,0
18492,0
18493,3
18494,0
18495,0
18496,1
18497,0
18498,0
18499,0
18500,0
18501,0
18502,1
18503,0
18504,1
18505,0
18506,0
18507,2
18508,0
18509,0
18510,0
18511,1
18512,0
18513,0
18514,0
18515,0
18516,0
18517,0
18518,3
18519,0
18520,0
18521,0
18522,2
18523,0
18524,0
18525,0
18526,0
18527,0
18528,1
18529,0
18530,1
18531,1
18532,0
18533,0
18534,0
18535,0
18536,1
18537,0
18538,0
18539,0
18540,1
18541,1
18542,0
18543,0
18544,0
18545,0
18546,0
18547,2
18548,0
18549,3
18550,0
18551,0
18552,0
18553,0
18554,0
18555,0
18556,0
18557,0
18558,0
18559,1
18560,1
18561,0
18562,0
18563,0
18564,1
18565,0
18566,0
18567,2
18568,0
18569,1
18570,0
18571,1
18572,0
18573,0
18574,0
18575,0
18576,0
18577,0
18578,0
18579,0
18580,0
18581,1
18582,1
18583,2
18584,0
18585,0
18586,0
18587,0
18588,0
18589,0
18590,0
18591,0
18592,2
18593,2
18594,0
18595,1
18596,0
18597,0
18598,0
18599,0
18600,0
18601,0
18602,0
18603,2
18604,0
18605,0
18606,1
18607,0
18608,0
18609,0
18610,0
18611,0
18612,0
18613,0
18614,0
18615,2
18616,0
18617,0
18618,0
18619,0
18620,0
18621,1
18622,1
18623,0
18624,0
18625,0
18626,0
18627,0
18628,0
18629,0
18630,0
18631,0
18632,0
18633,0
18634,0
18635,0
18636,0
18637,3
18638,0
18639,0
18640,0
18641,2
18642,0
18643,0
18644,0
18645,0
18646,0
18647,0
18648,0
18649,0
18650,0
18651,1
18652,2
18653,2
18654,1
18655,1
18656,0
18657,0
18658,0
18659,0
18660,1
18661,0
18662,0
18663,3
18664,3
18665,2
18666,0
18667,0
18668,1
18669,0
18670,0
18671,0
18672,3
18673,1
18674,0
18675,0
18676,0
18677,0
18678,2
18679,0
18680,2
18681,0
18682,0
18683,3
18684,0
18685,0
18686,0
18687,0
18688,0
18689,0
18690,1
18691,1
18692,0
18693,3
18694,1
18695,0
18696,0
18697,0
18698,0
18699,0
18700,0
18701,0
18702,0
18703,0
18704,0
18705,1
18706,0
18707,0
18708,0
18709,1
18710,1
18711,0
18712,1
18713,0
18714,1
18715,1
18716,0
18717,2
18718,1
18719,0
18720,0
18721,0
18722,2
18723,1
18724,2
18725,0
18726,1
18727,0
18728,0
18729,0
18730,0
18731,1
18732,0
18733,0
18734,0
18735,1
18736,0
18737,2
18738,0
18739,0
18740,2
18741,1
18742,2
18743,0
18744,0
18745,0
18746,0
18747,1
18748,0
18749,0
18750,0
18751,2
18752,1
18753,0
18754,0
18755,0
18756,0
18757,0
18758,1
18759,0
18760,2
18761,0
18762,1
18763,0
18764,1
18765,0
18766,0
18767,0
18768,0
18769,0
18770,0
18771,2
18772,0
18773,0
18774,0
18775,2
18776,1
18777,0
18778,0
18779,1
18780,0
18781,0
18782,0
18783,0
18784,3
18785,0
18786,1
18787,0
18788,0
18789,0
18790,0
18791,0
18792,0
18793,2
18794,0
18795,0
18796,0
18797,0
18798,0
18799,0
18800,1
18801,0
18802,2
18803,0
18804,0
18805,0
18806,1
18807,1
18808,0
18809,1
18810,0
18811,1
18812,0
18813,0
18814,0
18815,0
18816,2
18817,0
18818,0
18819,0
18820,0
18821,0
18822,1
18823,0
18824,0
18825,2
18826,0
18827,0
18828,0
18829,0
18830,0
18831,0
18832,0
18833,0
18834,0
18835,0
18836,0
18837,1
18838,2
18839,2
18840,0
18841,0
18842,0
18843,0
18844,0
18845,0
18846,0
18847,1
18848,0
18849,0
18850,1
18851,0
18852,1
18853,2
18854,0
18855,0
18856,1
18857,1
18858,0
18859,0
18860,0
18861,0
18862,0
18863,0
18864,0
18865,0
18866,0
18867,2
18868,0
18869,0
18870,0
18871,0
18872,0
18873,0
18874,0
18875,0
18876,0
18877,0
18878,3
18879,0
18880,0
18881,0
18882,0
18883,1
18884,0
18885,0
18886,0
18887,0
18888,0
18889,1
18890,0
18891,0
18892,0
18893,0
18894,0
18895,0
18896,0
18897,1
18898,0
18899,1
18900,0
18901,2
18902,0
18903,0
18904,1
18905,0
18906,1
18907,0
18908,2
18909,1
18910,2
18911,1
18912,0
18913,1
18914,1
18915,2
18916,1
18917,0
18918,0
18919,0
18920,0
18921,0
18922,0
18923,0
18924,0
18925,0
18926,1
18927,0
18928,0
18929,3
18930,0
18931,0
18932,0
18933,0
18934,0
18935,0
18936,1
18937,0
18938,0
18939,0
18940,0
18941,2
18942,0
18943,0
18944,0
18945,0
18946,0
18947,0
18948,0
18949,0
18950,1
18951,0
18952,0
18953,0
18954,2
18955,0
18956,0
18957,0
18958,0
18959,0
18960,0
18961,3
18962,0
18963,0
18964,0
18965,0
18966,0
18967,0
18968,1
18969,0
18970,0
18971,0
18972,2
18973,0
18974,0
18975,1
18976,0
18977,0
18978,0
18979,0
18980,0
18981,0
18982,1
18983,0
18984,0
18985,3
18986,2
18987,0
18988,1
18989,0
18990,0
18991,0
18992,0
18993,1
18994,0
18995,0
18996,0
18997,0
18998,0
18999,0
19000,0
19001,0
19002,3
19003,0
19004,1
19005,0
19006,0
19007,0
19008,0
19009,0
19010,0
19011,0
19012,1
19013,0
19014,1
19015,0
19016,1
19017,1
19018,0
19019,0
19020,0
19021,0
19022,0
19023,0
19024,0
19025,0
19026,0
19027,0
19028,0
19029,0
19030,0
19031,0
19032,0
19033,0
19034,0
19035,0
19036,0
19037,0
19038,0
19039,0
19040,0
19041,0
19042,0
19043,2
19044,0
19045,1
19046,1
19047,1
19048,0
19049,1
19050,0
19051,0
19052,0
19053,2
19054,0
19055,1
19056,1
19057,0
19058,0
19059,0
19060,0
19061,0
19062,0
19063,0
19064,0
19065,0
19066,0
19067,0
19068,0
19069,0
19070,2
19071,2
19072,0
19073,0
19074,0
19075,0
19076,0
19077,0
19078,1
19079,0
19080,1
19081,0
19082,0
19083,0
19084,0
19085,0
19086,0
19087,0
19088,0
19089,1
19090,0
19091,0
19092,0
19093,0
19094,0
19095,0
19096,0
19097,0
19098,3
19099,0
19100,1
19101,1
19102,0
19103,0
19104,0
19105,0
19106,0
19107,0
19108,1
19109,0
19110,0
19111,0
19112,2
19113,3
19114,0
19115,0
19116,1
19117,0
19118,1
19119,0
19120,0
19121,1
19122,0
19123,0
19124,0
19125,0
19126,0
19127,0
19128,0
19129,0
19130,0
19131,0
19132,0
19133,0
19134,0
19135,0
19136,0
19137,0
19138,1
19139,0
19140,0
19141,1
19142,0
19143,0
19144,0
19145,0
19146,1
19147,2
19148,0
19149,0
19150,2
19151,1
19152,1
19153,0
19154,1
19155,0
19156,0
19157,0
19158,0
19159,0
19160,0
19161,0
19162,0
19163,0
19164,0
19165,0
19166,1
19167,0
19168,1
19169,0
19170,0
19171,0
19172,0
19173,0
19174,0
19175,1
19176,0
19177,0
19178,0
19179,0
19180,1
19181,0
19182,0
19183,0
19184,1
19185,0
19186,0
19187,0
19188,0
19189,0
19190,0
19191,0
19192,0
19193,0
19194,0
19195,0
19196,2
19197,1
19198,1
19199,1
19200,0
19201,0
19202,3
19203,0
19204,2
19205,0
19206,0
19207,0
19208,1
19209,0
19210,0
19211,0
19212,0
19213,3
19214,0
19215,0
19216,0
19217,0
19218,0
19219,0
19220,0
19221,0
19222,0
19223,0
19224,2
19225,0
19226,0
19227,0
19228,0
19229,2
19230,0
19231,0
19232,0
19233,2
19234,0
19235,1
19236,1
19237,0
19238,0
19239,0
19240,0
19241,2
19242,0
19243,1
19244,0
19245,0
19246,1
19247,0
19248,0
19249,0
19250,1
19251,0
19252,0
19253,0
19254,0
19255,0
19256,3
19257,0
19258,0
19259,1
19260,0
19261,0
19262,0
19263,1
19264,1
19265,2
19266,0
19267,2
19268,0
19269,1
19270,0
19271,2
19272,2
19273,0
19274,2
19275,0
19276,2
19277,0
19278,0
19279,0
19280,1
19281,0
19282,2
19283,1
19284,0
19285,0
19286,0
19287,0
19288,0
19289,0
19290,0
19291,0
19292,0
19293,0
19294,0
19295,0
19296,0
19297,0
19298,0
19299,0
19300,0
19301,0
19302,2
19303,0
19304,0
19305,1
19306,0
19307,1
19308,0
19309,0
19310,0
19311,1
19312,0
19313,0
19314,0
19315,0
19316,0
19317,1
19318,0
19319,0
19320,1
19321,0
19322,0
19323,0
19324,0
19325,0
19326,1
19327,0
19328,0
19329,0
19330,0
19331,0
19332,0
19333,0
19334,0
19335,1
19336,0
19337,0
19338,1
19339,0
19340,0
19341,0
19342,0
19343,2
19344,0
19345,2
19346,1
19347,0
19348,1
19349,0
19350,0
19351,2
19352,0
19353,0
19354,3
19355,0
19356,0
19357,1
19358,0
19359,0
19360,0
19361,1
19362,0
19363,0
19364,0
19365,0
19366,2
19367,1
19368,0
19369,0
19370,1
19371,0
19372,0
19373,2
19374,1
19375,0
19376,1
19377,1
19378,0
19379,0
19380,1
19381,0
19382,0
19383,0
19384,0
19385,0
19386,1
19387,1
19388,0
19389,0
19390,0
19391,2
19392,0
19393,0
19394,0
19395,0
19396,0
19397,0
19398,1
19399,0
19400,2
19401,0
19402,0
19403,0
19404,0
19405,0
19406,2
19407,1
19408,0
19409,0
19410,0
19411,0
19412,2
19413,1
19414,0
19415,1
19416,1
19417,0
19418,0
19419,1
19420,0
19421,0
19422,2
19423,0
19424,1
19425,0
19426,1
19427,1
19428,0
19429,0
19430,1
19431,0
19432,1
19433,1
19434,0
19435,0
19436,0
19437,1
19438,0
19439,0
19440,2
19441,0
19442,0
19443,0
19444,0
19445,3
19446,0
19447,0
19448,0
19449,0
19450,0
19451,0
19452,0
19453,0
19454,0
19455,0
19456,1
19457,0
19458,0
19459,0
19460,0
19461,1
19462,0
19463,0
19464,0
19465,2
19466,2
19467,1
19468,3
19469,2
19470,0
19471,0
19472,0
19473,1
19474,0
19475,0
19476,0
19477,0
19478,0
19479,0
19480,2
19481,1
19482,0
19483,0
19484,0
19485,0
19486,0
19487,0
19488,0
19489,1
19490,0
19491,1
19492,1
19493,0
19494,0
19495,0
19496,1
19497,1
19498,0
19499,0
19500,0
19501,0
19502,0
19503,0
19504,2
19505,0
19506,0
19507,0
19508,0
19509,0
19510,0
19511,0
19512,0
19513,0
19514,0
19515,0
19516,0
19517,0
19518,0
19519,0
19520,0
19521,1
19522,0
19523,0
19524,0
19525,0
19526,0
19527,0
19528,0
19529,0
19530,0
19531,1
19532,1
19533,0
19534,0
19535,1
19536,0
19537,0
19538,0
19539,1
19540,0
19541,0
19542,0
19543,0
19544,1
19545,0
19546,0
19547,1
19548,0
19549,0
19550,0
19551,0
19552,0
19553,0
19554,0
19555,0
19556,0
19557,0
19558,2
19559,3
19560,0
19561,3
19562,0
19563,0
19564,0
19565,0
19566,0
19567,1
19568,0
19569,0
19570,0
19571,0
19572,1
19573,0
19574,0
19575,0
19576,0
19577,0
19578,0
19579,0
19580,0
19581,1
19582,1
19583,0
19584,1
19585,0
19586,0
19587,1
19588,3
19589,0
19590,1
19591,1
19592,0
19593,1
19594,0
19595,0
19596,0
19597,2
19598,1
19599,0
19600,0
19601,2
19602,0
19603,0
19604,3
19605,0
19606,1
19607,0
19608,2
19609,0
19610,0
19611,0
19612,0
19613,1
19614,0
19615,1
19616,2
19617,0
19618,0
19619,2
19620,0
19621,0
19622,0
19623,1
19624,1
19625,0
19626,0
19627,0
19628,0
19629,0
19630,1
19631,0
19632,0
19633,0
19634,0
19635,0
19636,0
19637,0
19638,2
19639,0
19640,0
19641,1
19642,0
19643,0
19644,0
19645,0
19646,2
19647,0
19648,0
19649,0
19650,0
19651,0
19652,0
19653,0
19654,1
19655,1
19656,0
19657,0
19658,2
19659,0
19660,0
19661,0
19662,0
19663,0
19664,1
19665,0
19666,0
19667,1
19668,0
19669,0
19670,0
19671,0
19672,0
19673,0
19674,0
19675,0
19676,2
19677,0
19678,0
19679,0
19680,1
19681,1
19682,0
19683,1
19684,0
19685,0
19686,0
19687,0
19688,0
19689,0
19690,0
19691,2
19692,0
19693,0
19694,0
19695,1
19696,0
19697,0
19698,0
19699,3
19700,2
19701,0
19702,1
19703,0
19704,0
19705,1
19706,3
19707,1
19708,0
19709,0
19710,0
19711,1
19712,0
19713,0
19714,2
19715,0
19716,3
19717,0
19718,0
19719,0
19720,0
19721,0
19722,1
19723,0
19724,0
19725,0
19726,1
19727,0
19728,0
19729,0
19730,0
19731,0
19732,0
19733,0
19734,0
19735,0
19736,0
19737,2
19738,1
19739,0
19740,1
19741,0
19742,0
19743,0
19744,0
19745,0
19746,0
19747,0
19748,0
19749,0
19750,1
19751,0
19752,0
19753,1
19754,1
19755,0
19756,0
19757,2
19758,0
19759,2
19760,1
19761,0
19762,0
19763,2
19764,0
19765,0
19766,0
19767,0
19768,0
19769,2
19770,2
19771,0
19772,0
19773,0
19774,1
19775,0
19776,0
19777,0
19778,1
19779,0
19780,1
19781,0
19782,0
19783,0
19784,2
19785,1
19786,0
19787,0
19788,0
19789,2
19790,0
19791,1
19792,0
19793,0
19794,0
19795,0
19796,0
19797,2
19798,0
19799,0
19800,0
19801,0
19802,0
19803,0
19804,0
19805,0
19806,0
19807,0
19808,0
19809,2
19810,3
19811,0
19812,2
19813,0
19814,1
19815,1
19816,1
19817,0
19818,0
19819,0
19820,0
19821,0
19822,0
19823,0
19824,0
19825,0
19826,0
19827,1
19828,0
19829,1
19830,0
19831,0
19832,0
19833,0
19834,0
19835,0
19836,0
19837,0
19838,2
19839,0
19840,0
19841,0
19842,1
19843,0
19844,0
19845,0
19846,0
19847,0
19848,0
19849,0
19850,0
19851,0
19852,3
19853,0
19854,1
19855,0
19856,2
19857,0
19858,0
19859,0
19860,0
19861,1
19862,0
19863,3
19864,0
19865,1
19866,0
19867,0
19868,0
19869,0
19870,0
19871,0
19872,0
19873,0
19874,0
19875,0
19876,2
19877,0
19878,0
19879,1
19880,0
19881,0
19882,0
19883,0
19884,1
19885,0
19886,0
19887,0
19888,0
19889,0
19890,1
19891,0
19892,0
19893,1
19894,0
19895,0
19896,2
19897,0
19898,0
19899,0
19900,0
19901,1
19902,0
19903,0
19904,1
19905,0
19906,3
19907,2
19908,0
19909,0
19910,1
19911,0
19912,0
19913,0
19914,0
19915,0
19916,0
19917,0
19918,0
19919,1
19920,0
19921,2
19922,0
19923,0
19924,1
19925,0
19926,0
19927,1
19928,0
19929,0
19930,0
19931,1
19932,3
19933,0
19934,0
19935,0
19936,0
19937,0
19938,0
19939,0
19940,0
19941,0
19942,0
19943,2
19944,0
19945,0
19946,2
19947,2
19948,0
19949,0
19950,0
19951,1
19952,0
19953,2
19954,0
19955,0
19956,1
19957,0
19958,2
19959,0
19960,0
19961,2
19962,2
19963,0
19964,0
19965,0
19966,0
19967,0
19968,2
19969,0
19970,0
19971,2
19972,0
19973,0
19974,1
19975,0
19976,1
19977,0
19978,0
19979,3
19980,0
19981,0
19982,0
19983,2
19984,1
19985,1
19986,1
19987,0
19988,0
19989,0
19990,2
19991,0
19992,0
19993,0
19994,1
19995,0
19996,1
19997,0
19998,0
19999,0
20000,0
20001,0
20002,0
20003,1
20004,0
20005,0
20006,0
20007,0
20008,0
20009,1
20010,0
20011,0
20012,0
20013,0
20014,0
20015,0
20016,0
20017,0
20018,0
20019,1
20020,0
20021,0
20022,0
20023,0
20024,0
20025,1
20026,1
20027,0
20028,0
20029,1
20030,1
20031,0
20032,0
20033,0
20034,0
20035,0
20036,1
20037,0
20038,0
20039,0
20040,0
20041,0
20042,0
20043,3
20044,1
20045,0
20046,2
20047,0
20048,0
20049,0
20050,1
20051,0
20052,0
20053,0
20054,2
20055,0
20056,1
20057,1
20058,1
20059,0
20060,0
20061,1
20062,1
20063,0
20064,0
20065,0
20066,0
20067,0
20068,0
20069,0
20070,0
20071,0
20072,0
20073,0
20074,0
20075,1
20076,1
20077,0
20078,0
20079,0
20080,0
20081,0
20082,0
20083,0
20084,0
20085,0
20086,0
20087,1
20088,0
20089,0
20090,2
20091,0
20092,2
20093,0
20094,0
20095,0
20096,0
20097,1
20098,0
20099,0
20100,2
20101,1
20102,3
20103,0
20104,0
20105,0
20106,0
20107,2
20108,1
20109,2
20110,0
20111,2
20112,0
20113,0
20114,0
20115,1
20116,0
20117,0
20118,2
20119,0
20120,0
20121,0
20122,3
20123,0
20124,3
20125,0
20126,3
20127,0
20128,0
20129,0
20130,0
20131,0
20132,0
20133,0
20134,1
20135,0
20136,0
20137,0
20138,0
20139,0
20140,0
20141,0
20142,2
20143,1
20144,0
20145,0
20146,0
20147,3
20148,2
20149,0
20150,1
20151,0
20152,2
20153,0
20154,0
20155,0
20156,0
20157,0
20158,1
20159,1
20160,0
20161,0
20162,1
20163,1
20164,0
20165,0
20166,2
20167,1
20168,1
20169,0
20170,0
20171,0
20172,0
20173,0
20174,1
20175,0
20176,1
20177,2
20178,0
20179,0
20180,1
20181,0
20182,0
20183,0
20184,2
20185,0
20186,0
20187,0
20188,0
20189,0
20190,0
20191,0
20192,2
20193,0
20194,0
20195,1
20196,2
20197,0
20198,0
20199,0
20200,0
20201,0
20202,0
20203,3
20204,0
20205,0
20206,0
20207,0
20208,0
20209,0
20210,1
20211,0
20212,1
20213,0
20214,1
20215,1
20216,0
20217,1
20218,1
20219,0
20220,0
20221,0
20222,0
20223,0
20224,0
20225,0
20226,0
20227,1
20228,0
20229,0
20230,0
20231,0
20232,0
20233,0
20234,0
20235,0
20236,0
20237,1
20238,0
20239,0
20240,1
20241,1
20242,0
20243,0
20244,2
20245,1
20246,0
20247,0
20248,0
20249,0
20250,1
20251,0
20252,3
20253,1
20254,0
20255,0
20256,0
20257,0
20258,0
20259,0
20260,0
20261,0
20262,0
20263,0
20264,2
20265,0
20266,0
20267,0
20268,1
20269,0
20270,0
20271,1
20272,0
20273,0
20274,0
20275,0
20276,2
20277,0
20278,0
20279,0
20280,0
20281,1
20282,0
20283,0
20284,1
20285,0
20286,1
20287,2
20288,0
20289,0
20290,0
20291,2
20292,0
20293,0
20294,0
20295,1
20296,0
20297,2
20298,0
20299,0
20300,0
20301,0
20302,0
20303,0
20304,0
20305,0
20306,0
20307,2
20308,0
20309,1
20310,0
20311,0
20312,0
20313,0
20314,0
20315,0
20316,0
20317,0
20318,0
20319,0
20320,1
20321,0
20322,2
20323,3
20324,0
20325,0
20326,0
20327,2
20328,0
20329,0
20330,0
20331,0
20332,0
20333,1
20334,0
20335,0
20336,2
20337,2
20338,0
20339,2
20340,0
20341,0
20342,0
20343,0
20344,0
20345,0
20346,0
20347,0
20348,0
20349,1
20350,0
20351,0
20352,1
20353,0
20354,0
20355,0
20356,0
20357,0
20358,0
20359,0
20360,2
20361,0
20362,0
20363,0
20364,0
20365,1
20366,0
20367,0
20368,0
20369,0
20370,0
20371,0
20372,2
20373,1
20374,0
20375,0
20376,0
20377,2
20378,0
20379,1
20380,0
20381,0
20382,1
20383,0
20384,1
20385,1
20386,0
20387,0
20388,0
20389,0
20390,0
20391,0
20392,0
20393,0
20394,3
20395,0
20396,0
20397,1
20398,0
20399,0
20400,0
20401,3
20402,0
20403,0
20404,0
20405,0
20406,0
20407,0
20408,0
20409,0
20410,2
20411,0
20412,1
20413,0
20414,0
20415,1
20416,0
20417,0
20418,2
20419,0
20420,0
20421,0
20422,1
20423,0
20424,0
20425,0
20426,0
20427,0
20428,0
20429,0
20430,2
20431,0
20432,0
20433,0
20434,1
20435,0
20436,1
20437,0
20438,3
20439,0
20440,1
20441,2
20442,0
20443,0
20444,3
20445,0
20446,1
20447,0
20448,0
20449,0
20450,0
20451,0
20452,0
20453,0
20454,0
20455,0
20456,0
20457,1
20458,0
20459,0
20460,2
20461,0
20462,0
20463,0
20464,0
20465,1
20466,0
20467,0
20468,1
20469,0
20470,2
20471,0
20472,0
20473,1
20474,0
20475,0
20476,0
20477,0
20478,0
20479,0
20480,0
20481,0
20482,0
20483,2
20484,0
20485,0
20486,0
20487,1
20488,0
20489,0
20490,2
20491,1
20492,0
20493,1
20494,1
20495,0
20496,3
20497,2
20498,0
20499,0
20500,0
20501,0
20502,0
20503,1
20504,0
20505,0
20506,0
20507,0
20508,1
20509,0
20510,0
20511,0
20512,0
20513,0
20514,3
20515,0
20516,0
20517,0
20518,0
20519,0
20520,0
20521,0
20522,0
20523,0
20524,0
20525,0
20526,2
20527,0
20528,2
20529,0
20530,1
20531,0
20532,0
20533,3
20534,0
20535,0
20536,0
20537,0
20538,0
20539,0
20540,1
20541,2
20542,0
20543,0
20544,0
20545,2
20546,0
20547,0
20548,0
20549,0
20550,1
20551,0
20552,0
20553,0
20554,0
20555,1
20556,2
20557,0
20558,0
20559,1
20560,1
20561,2
20562,0
20563,0
20564,1
20565,0
20566,0
20567,0
20568,0
20569,1
20570,0
20571,0
20572,0
20573,0
20574,0
20575,0
20576,1
20577,1
20578,0
20579,0
20580,0
20581,0
20582,2
20583,0
20584,0
20585,0
20586,0
20587,0
20588,0
20589,0
20590,0
20591,0
20592,1
20593,0
20594,1
20595,1
20596,0
20597,0
20598,2
20599,0
20600,0
20601,0
20602,0
20603,0
20604,1
20605,0
20606,0
20607,1
20608,0
20609,0
20610,0
20611,0
20612,0
20613,0
20614,2
20615,0
20616,0
20617,0
20618,0
20619,0
20620,0
20621,0
20622,0
20623,0
20624,0
20625,0
20626,0
20627,0
20628,0
20629,0
20630,0
20631,0
20632,0
20633,0
20634,1
20635,0
20636,0
20637,0
20638,0
20639,0
20640,0
20641,0
20642,1
20643,0
20644,0
20645,0
20646,0
20647,2
20648,0
20649,0
20650,0
20651,1
20652,1
20653,0
20654,0
20655,1
20656,0
20657,1
20658,0
20659,0
20660,0
20661,0
20662,0
20663,1
20664,2
20665,0
20666,0
20667,2
20668,0
20669,0
20670,0
20671,0
20672,3
20673,0
20674,0
20675,0
20676,2
20677,0
20678,0
20679,1
20680,0
20681,0
20682,1
20683,0
20684,1
20685,0
20686,0
20687,0
20688,0
20689,0
20690,1
20691,0
20692,0
20693,0
20694,0
20695,0
20696,0
20697,1
20698,0
20699,3
20700,2
20701,3
20702,0
20703,0
20704,1
20705,0
20706,0
20707,0
20708,2
20709,0
20710,0
20711,0
20712,0
20713,1
20714,0
20715,1
20716,0
20717,0
20718,1
20719,0
20720,0
20721,1
20722,0
20723,0
20724,0
20725,2
20726,0
20727,0
20728,1
20729,0
20730,3
20731,0
20732,0
20733,0
20734,0
20735,0
20736,0
20737,0
20738,1
20739,0
20740,0
20741,0
20742,0
20743,2
20744,0
20745,1
20746,1
20747,1
20748,0
20749,0
20750,0
20751,0
20752,2
20753,0
20754,0
20755,0
20756,0
20757,0
20758,0
20759,0
20760,0
20761,0
20762,0
20763,0
20764,0
20765,1
20766,0
20767,2
20768,0
20769,0
20770,2
20771,0
20772,0
20773,1
20774,0
20775,0
20776,1
20777,0
20778,0
20779,0
20780,0
20781,0
20782,0
20783,0
20784,0
20785,0
20786,0
20787,2
20788,0
20789,0
20790,0
20791,1
20792,0
20793,0
20794,1
20795,0
20796,0
20797,0
20798,0
20799,1
20800,0
20801,0
20802,1
20803,3
20804,1
20805,0
20806,0
20807,0
20808,1
20809,0
20810,0
20811,0
20812,0
20813,0
20814,1
20815,0
20816,0
20817,1
20818,3
20819,0
20820,0
20821,0
20822,0
20823,1
20824,0
20825,0
20826,1
20827,0
20828,0
20829,0
20830,0
20831,0
20832,2
20833,1
20834,1
20835,0
20836,0
20837,0
20838,2
20839,1
20840,0
20841,0
20842,0
20843,1
20844,0
20845,2
20846,0
20847,2
20848,0
20849,2
20850,0
20851,0
20852,0
20853,0
20854,0
20855,0
20856,0
20857,0
20858,0
20859,2
20860,1
20861,0
20862,0
20863,0
20864,0
20865,0
20866,0
20867,0
20868,0
20869,0
20870,3
20871,0
20872,0
20873,0
20874,0
20875,0
20876,0
20877,2
20878,0
20879,0
20880,0
20881,0
20882,1
20883,0
20884,2
20885,0
20886,2
20887,0
20888,0
20889,0
20890,0
20891,1
20892,0
20893,0
20894,0
20895,1
20896,0
20897,0
20898,0
20899,0
20900,2
20901,0
20902,0
20903,0
20904,0
20905,0
20906,0
20907,1
20908,0
20909,0
20910,0
20911,0
20912,1
20913,0
20914,0
20915,1
20916,0
20917,0
20918,0
20919,2
20920,0
20921,0
20922,0
20923,0
20924,0
20925,0
20926,1
20927,0
20928,2
20929,0
20930,0
20931,1
20932,0
20933,0
20934,0
20935,1
20936,0
20937,0
20938,1
20939,0
20940,0
20941,0
20942,2
20943,1
20944,0
20945,2
20946,0
20947,0
20948,0
20949,1
20950,0
20951,0
20952,0
20953,0
20954,3
20955,0
20956,0
20957,0
20958,0
20959,2
20960,0
20961,0
20962,0
20963,0
20964,0
20965,0
20966,0
20967,0
20968,2
20969,2
20970,1
20971,0
20972,0
20973,0
20974,0
20975,0
20976,1
20977,2
20978,0
20979,0
20980,0
20981,0
20982,0
20983,0
20984,0
20985,0
20986,0
20987,0
20988,0
20989,2
20990,0
20991,0
20992,0
20993,0
20994,0
20995,0
20996,0
20997,1
20998,0
20999,2
21000,0
21001,0
21002,0
21003,0
21004,0
21005,0
21006,0
21007,0
21008,1
21009,0
21010,0
21011,0
21012,0
21013,0
21014,0
21015,0
21016,0
21017,0
21018,2
21019,1
21020,1
21021,0
21022,0
21023,0
21024,2
21025,0
21026,0
21027,0
21028,1
21029,0
21030,0
21031,3
21032,0
21033,2
21034,1
21035,0
21036,0
21037,0
21038,3
21039,0
21040,0
21041,0
21042,0
21043,0
21044,0
21045,0
21046,0
21047,0
21048,0
21049,0
21050,0
21051,0
21052,0
21053,2
21054,2
21055,0
21056,0
21057,0
21058,0
21059,0
21060,0
21061,0
21062,0
21063,0
21064,0
21065,0
21066,0
21067,3
21068,0
21069,0
21070,1
21071,0
21072,1
21073,1
21074,2
21075,0
21076,0
21077,2
21078,1
21079,0
21080,0
21081,2
21082,0
21083,1
21084,2
21085,1
21086,0
21087,0
21088,0
21089,0
21090,1
21091,3
21092,0
21093,0
21094,0
21095,0
21096,0
21097,0
21098,0
21099,0
21100,0
21101,0
21102,0
21103,0
21104,0
21105,0
21106,0
21107,0
21108,0
21109,2
21110,0
21111,0
21112,0
21113,0
21114,0
21115,2
21116,2
21117,0
21118,0
21119,0
21120,0
21121,1
21122,0
21123,1
21124,0
21125,0
21126,1
21127,0
21128,0
21129,0
21130,0
21131,0
21132,0
21133,0
21134,0
21135,0
21136,0
21137,0
21138,0
21139,0
21140,0
21141,0
21142,0
21143,0
21144,2
21145,1
21146,0
21147,0
21148,0
21149,0
21150,0
21151,0
21152,0
21153,3
21154,0
21155,0
21156,0
21157,0
21158,0
21159,0
21160,0
21161,1
21162,2
21163,2
21164,0
21165,1
21166,0
21167,0
21168,0
21169,0
21170,0
21171,0
21172,0
21173,0
21174,1
21175,1
21176,1
21177,0
21178,0
21179,0
21180,0
21181,0
21182,0
21183,0
21184,0
21185,1
21186,1
21187,0
21188,0
21189,0
21190,0
21191,0
21192,0
21193,2
21194,0
21195,3
21196,0
21197,0
21198,0
21199,0
21200,0
21201,2
21202,0
21203,0
21204,0
21205,0
21206,0
21207,0
21208,0
21209,0
21210,0
21211,1
21212,1
21213,0
21214,0
21215,0
21216,0
21217,0
21218,0
21219,0
21220,0
21221,0
21222,1
21223,0
21224,0
21225,0
21226,1
21227,0
21228,0
21229,0
21230,0
21231,0
21232,2
21233,0
21234,1
21235,0
21236,2
21237,0
21238,1
21239,1
21240,0
21241,1
21242,2
21243,0
21244,0
21245,0
21246,3
21247,0
21248,0
21249,0
21250,0
21251,0
21252,0
21253,2
21254,0
21255,0
21256,0
21257,3
21258,2
21259,0
21260,0
21261,2
21262,1
21263,0
21264,0
21265,1
21266,0
21267,0
21268,0
21269,1
21270,0
21271,1
21272,0
21273,2
21274,0
21275,0
21276,0
21277,0
21278,0
21279,0
21280,0
21281,0
21282,0
21283,0
21284,0
21285,0
21286,2
21287,1
21288,1
21289,0
21290,0
21291,0
21292,1
21293,1
21294,1
21295,0
21296,0
21297,0
21298,1
21299,1
21300,0
21301,0
21302,2
21303,0
21304,0
21305,0
21306,0
21307,0
21308,0
21309,1
21310,1
21311,0
21312,1
21313,0
21314,0
21315,2
21316,0
21317,1
21318,0
21319,0
21320,0
21321,0
21322,0
21323,0
21324,0
21325,0
21326,2
21327,2
21328,3
21329,1
21330,0
21331,0
21332,0
21333,3
21334,0
21335,0
21336,1
21337,0
21338,0
21339,0
21340,0
21341,0
21342,2
21343,0
21344,1
21345,0
21346,0
21347,0
21348,0
21349,0
21350,1
21351,0
21352,0
21353,0
21354,0
21355,2
21356,0
21357,0
21358,0
21359,2
21360,1
21361,2
21362,0
21363,2
21364,0
21365,0
21366,1
21367,0
21368,0
21369,0
21370,0
21371,1
21372,1
21373,0
21374,0
21375,0
21376,1
21377,0
21378,0
21379,1
21380,0
21381,0
21382,0
21383,0
21384,1
21385,0
21386,0
21387,0
21388,0
21389,0
21390,1
21391,2
21392,1
21393,0
21394,0
21395,1
21396,0
21397,0
21398,0
21399,0
21400,2
21401,0
21402,0
21403,0
21404,0
21405,1
21406,1
21407,0
21408,0
21409,0
21410,1
21411,0
21412,0
21413,0
21414,0
21415,1
21416,0
21417,0
21418,0
21419,0
21420,1
21421,1
21422,1
21423,1
21424,2
21425,1
21426,0
21427,0
21428,0
21429,0
21430,0
21431,0
21432,0
21433,0
21434,0
21435,0
21436,0
21437,0
21438,1
21439,0
21440,1
21441,2
21442,1
21443,0
21444,0
21445,1
21446,1
21447,1
21448,0
21449,0
21450,0
21451,0
21452,1
21453,2
21454,0
21455,0
21456,0
21457,0
21458,1
21459,1
21460,0
21461,1
21462,0
21463,0
21464,3
21465,0
21466,0
21467,0
21468,2
21469,0
21470,0
21471,1
21472,0
21473,0
21474,0
21475,2
21476,0
21477,0
21478,0
21479,0
21480,0
21481,0
21482,0
21483,0
21484,0
21485,0
21486,3
21487,0
21488,0
21489,0
21490,0
21491,1
21492,0
21493,0
21494,1
21495,0
21496,0
21497,0
21498,1
21499,2
21500,0
21501,0
21502,0
21503,0
21504,3
21505,1
21506,0
21507,2
21508,0
21509,3
21510,0
21511,0
21512,0
21513,1
21514,0
21515,0
21516,0
21517,0
21518,0
21519,0
21520,0
21521,0
21522,0
21523,0
21524,2
21525,1
21526,1
21527,0
21528,0
21529,0
21530,1
21531,0
21532,0
21533,0
21534,0
21535,1
21536,0
21537,0
21538,0
21539,1
21540,0
21541,1
21542,0
21543,0
21544,0
21545,0
21546,0
21547,0
21548,0
21549,0
21550,0
21551,1
21552,1
21553,0
21554,1
21555,0
21556,0
21557,0
21558,0
21559,0
21560,0
21561,1
21562,0
21563,0
21564,1
21565,0
21566,0
21567,0
21568,0
21569,1
21570,1
21571,2
21572,0
21573,0
21574,0
21575,3
21576,0
21577,0
21578,0
21579,1
21580,0
21581,1
21582,0
21583,0
21584,0
21585,0
21586,0
21587,0
21588,0
21589,0
21590,3
21591,0
21592,0
21593,0
21594,0
21595,0
21596,0
21597,0
21598,0
21599,0
21600,0
21601,1
21602,1
21603,0
21604,1
21605,1
21606,0
21607,0
21608,1
21609,0
21610,0
21611,0
21612,0
21613,0
21614,3
21615,1
21616,2
21617,1
21618,0
21619,0
21620,0
21621,0
21622,0
21623,1
21624,1
21625,0
21626,0
21627,0
21628,0
21629,1
21630,1
21631,0
21632,0
21633,0
21634,0
21635,0
21636,2
21637,0
21638,1
21639,0
21640,1
21641,1
21642,0
21643,1
21644,0
21645,1
21646,0
21647,0
21648,1
21649,0
21650,0
21651,0
21652,0
21653,0
21654,2
21655,0
21656,0
21657,0
21658,0
21659,1
21660,0
21661,0
21662,1
21663,0
21664,0
21665,0
21666,0
21667,1
21668,0
21669,0
21670,0
21671,1
21672,3
21673,0
21674,1
21675,0
21676,1
21677,1
21678,0
21679,0
21680,0
21681,0
21682,0
21683,0
21684,0
21685,1
21686,1
21687,1
21688,2
21689,2
21690,0
21691,0
21692,0
21693,2
21694,2
21695,0
21696,0
21697,0
21698,0
21699,2
21700,0
21701,1
21702,0
21703,0
21704,0
21705,0
21706,0
21707,0
21708,0
21709,0
21710,1
21711,0
21712,0
21713,1
21714,0
21715,0
21716,2
21717,0
21718,0
21719,0
21720,0
21721,0
21722,1
21723,0
21724,0
21725,0
21726,0
21727,2
21728,3
21729,0
21730,1
21731,0
21732,0
21733,0
21734,2
21735,0
21736,0
21737,0
21738,2
21739,3
21740,0
21741,0
21742,0
21743,1
21744,2
21745,0
21746,1
21747,2
21748,0
21749,0
21750,0
21751,0
21752,0
21753,0
21754,0
21755,0
21756,0
21757,0
21758,0
21759,0
21760,0
21761,1
21762,0
21763,0
21764,0
21765,0
21766,2
21767,1
21768,0
21769,1
21770,0
21771,0
21772,1
21773,0
21774,0
21775,0
21776,0
21777,0
21778,0
21779,0
21780,0
21781,0
21782,1
21783,0
21784,2
21785,1
21786,0
21787,0
21788,0
21789,1
21790,0
21791,1
21792,0
21793,0
21794,0
21795,3
21796,0
21797,1
21798,0
21799,0
21800,1
21801,1
21802,0
21803,0
21804,1
21805,3
21806,0
21807,0
21808,0
21809,0
21810,1
21811,1
21812,0
21813,0
21814,0
21815,1
21816,1
21817,3
21818,1
21819,1
21820,0
21821,1
21822,0
21823,0
21824,0
21825,0
21826,0
21827,0
21828,1
21829,0
21830,0
21831,0
21832,0
21833,0
21834,0
21835,0
21836,0
21837,0
21838,0
21839,0
21840,2
21841,2
21842,0
21843,0
21844,0
21845,0
21846,1
21847,0
21848,0
21849,0
21850,0
21851,1
21852,0
21853,0
21854,0
21855,0
21856,0
21857,0
21858,2
21859,0
21860,1
21861,1
21862,0
21863,1
21864,0
21865,0
21866,2
21867,3
21868,0
21869,0
21870,0
21871,0
21872,1
21873,1
21874,0
21875,1
21876,2
21877,1
21878,0
21879,0
21880,3
21881,0
21882,0
21883,0
21884,0
21885,0
21886,0
21887,2
21888,0
21889,0
21890,0
21891,0
21892,0
21893,1
21894,0
21895,0
21896,0
21897,0
21898,0
21899,0
21900,0
21901,2
21902,0
21903,0
21904,0
21905,3
21906,3
21907,0
21908,0
21909,0
21910,2
21911,1
21912,0
21913,0
21914,1
21915,0
21916,0
21917,0
21918,3
21919,0
21920,0
21921,3
21922,1
21923,0
21924,0
21925,0
21926,1
21927,0
21928,0
21929,1
21930,0
21931,0
21932,0
21933,0
21934,1
21935,0
21936,0
21937,0
21938,1
21939,0
21940,0
21941,3
21942,2
21943,0
21944,1
21945,1
21946,1
21947,0
21948,0
21949,0
21950,0
21951,1
21952,0
21953,0
21954,2
21955,0
21956,0
21957,1
21958,1
21959,2
21960,0
21961,0
21962,0
21963,2
21964,1
21965,0
21966,0
21967,0
21968,0
21969,0
21970,1
21971,3
21972,2
21973,0
21974,0
21975,2
21976,0
21977,2
21978,0
21979,0
21980,0
21981,0
21982,0
21983,0
21984,2
21985,0
21986,3
21987,0
21988,0
21989,1
21990,0
21991,3
21992,0
21993,0
21994,0
21995,0
21996,0
21997,0
21998,1
21999,0
22000,0
22001,0
22002,0
22003,0
22004,0
22005,1
22006,0
22007,0
22008,0
22009,0
22010,0
22011,0
22012,3
22013,2
22014,0
22015,0
22016,1
22017,0
22018,0
22019,1
22020,1
22021,0
22022,1
22023,0
22024,0
22025,0
22026,0
22027,0
22028,0
22029,0
22030,0
22031,0
22032,0
22033,0
22034,0
22035,1
22036,0
22037,0
22038,0
22039,0
22040,0
22041,0
22042,0
22043,1
22044,0
22045,0
22046,0
22047,0
22048,0
22049,0
22050,0
22051,0
22052,0
22053,1
22054,2
22055,0
22056,0
22057,0
22058,1
22059,0
22060,0
22061,0
22062,0
22063,0
22064,0
22065,0
22066,0
22067,0
22068,0
22069,0
22070,2
22071,0
22072,1
22073,0
22074,0
22075,2
22076,1
22077,0
22078,0
22079,1
22080,0
22081,1
22082,1
22083,1
22084,2
22085,0
22086,2
22087,0
22088,1
22089,0
22090,1
22091,0
22092,2
22093,0
22094,0
22095,0
22096,0
22097,0
22098,0
22099,1
22100,0
22101,0
22102,0
22103,0
22104,1
22105,1
22106,1
22107,1
22108,0
22109,0
22110,1
22111,3
22112,0
22113,1
22114,0
22115,3
22116,0
22117,0
22118,1
22119,0
22120,1
22121,0
22122,0
22123,1
22124,0
22125,0
22126,2
22127,0
22128,0
22129,0
22130,0
22131,0
22132,0
22133,0
22134,0
22135,0
22136,0
22137,0
22138,2
22139,0
22140,0
22141,1
22142,0
22143,0
22144,0
22145,0
22146,0
22147,0
22148,0
22149,0
22150,0
22151,0
22152,0
22153,0
22154,0
22155,0
22156,0
22157,0
22158,0
22159,2
22160,1
22161,0
22162,1
22163,0
22164,0
22165,1
22166,0
22167,0
22168,1
22169,0
22170,0
22171,0
22172,3
22173,0
22174,3
22175,0
22176,0
22177,0
22178,0
22179,0
22180,0
22181,0
22182,0
22183,3
22184,0
22185,0
22186,1
22187,0
22188,0
22189,2
22190,1
22191,0
22192,0
22193,0
22194,0
22195,0
22196,0
22197,0
22198,0
22199,1
22200,0
22201,0
22202,1
22203,0
22204,0
22205,0
22206,1
22207,0
22208,1
22209,0
22210,0
22211,1
22212,1
22213,0
22214,2
22215,0
22216,0
22217,1
22218,0
22219,0
22220,0
22221,0
22222,0
22223,3
22224,1
22225,0
22226,1
22227,0
22228,2
22229,0
22230,1
22231,0
22232,0
22233,0
22234,0
22235,0
22236,1
22237,1
22238,0
22239,0
22240,0
22241,0
22242,0
22243,0
22244,0
22245,0
22246,0
22247,0
22248,0
22249,0
22250,2
22251,0
22252,0
22253,2
22254,0
22255,3
22256,1
22257,0
22258,1
22259,1
22260,0
22261,0
22262,0
22263,1
22264,0
22265,1
22266,0
22267,3
22268,0
22269,0
22270,3
22271,2
22272,0
22273,0
22274,0
22275,0
22276,0
22277,1
22278,1
22279,0
22280,0
22281,1
22282,3
22283,0
22284,0
22285,0
22286,1
22287,1
22288,1
22289,0
22290,0
22291,0
22292,0
22293,0
22294,2
22295,0
22296,0
22297,0
22298,2
22299,0
22300,2
22301,0
22302,1
22303,0
22304,3
22305,0
22306,0
22307,0
22308,0
22309,0
22310,0
22311,1
22312,0
22313,3
22314,2
22315,0
22316,0
22317,0
22318,1
22319,1
22320,0
22321,0
22322,0
22323,0
22324,0
22325,0
22326,1
22327,0
22328,0
22329,1
22330,0
22331,1
22332,1
22333,2
22334,0
22335,0
22336,0
22337,1
22338,1
22339,0
22340,1
22341,0
22342,0
22343,3
22344,0
22345,0
22346,1
22347,0
22348,0
22349,0
22350,0
22351,0
22352,0
22353,0
22354,0
22355,0
22356,1
22357,0
22358,0
22359,2
22360,0
22361,2
22362,0
22363,0
22364,0
22365,0
22366,0
22367,0
22368,1
22369,0
22370,0
22371,0
22372,0
22373,0
22374,0
22375,0
22376,0
22377,0
22378,1
22379,0
22380,0
22381,1
22382,0
22383,0
22384,0
22385,1
22386,0
22387,2
22388,0
22389,1
22390,0
22391,1
22392,0
22393,1
22394,1
22395,0
22396,0
22397,0
22398,1
22399,1
22400,0
22401,0
22402,2
22403,0
22404,1
22405,0
22406,0
22407,0
22408,0
22409,1
22410,1
22411,0
22412,0
22413,0
22414,0
22415,0
22416,2
22417,0
22418,0
22419,0
22420,0
22421,0
22422,0
22423,0
22424,0
22425,0
22426,0
22427,0
22428,0
22429,0
22430,1
22431,0
22432,0
22433,0
22434,0
22435,0
22436,0
22437,1
22438,3
22439,0
22440,3
22441,0
22442,0
22443,0
22444,0
22445,0
22446,0
22447,2
22448,0
22449,0
22450,0
22451,0
22452,1
22453,0
22454,0
22455,1
22456,0
22457,0
22458,2
22459,0
22460,0
22461,0
22462,0
22463,0
22464,0
22465,1
22466,0
22467,0
22468,0
22469,0
22470,0
22471,0
22472,1
22473,2
22474,0
22475,1
22476,2
22477,0
22478,0
22479,0
22480,1
22481,2
22482,0
22483,2
22484,0
22485,0
22486,0
22487,1
22488,0
22489,2
22490,0
22491,0
22492,0
22493,1
22494,1
22495,1
22496,0
22497,0
22498,2
22499,0
22500,0
22501,0
22502,0
22503,2
22504,0
22505,0
22506,0
22507,0
22508,2
22509,0
22510,0
22511,0
22512,0
22513,0
22514,0
22515,0
22516,0
22517,0
22518,0
22519,1
22520,0
22521,2
22522,0
22523,2
22524,2
22525,0
22526,0
22527,0
22528,1
22529,1
22530,1
22531,2
22532,0
22533,0
22534,0
22535,0
22536,0
22537,1
22538,0
22539,0
22540,3
22541,0
22542,0
22543,1
22544,0
22545,0
22546,0
22547,0
22548,0
22549,0
22550,0
22551,0
22552,0
22553,0
22554,0
22555,0
22556,2
22557,0
22558,0
22559,0
22560,0
22561,0
22562,0
22563,0
22564,1
22565,3
22566,0
22567,1
22568,0
22569,0
22570,0
22571,3
22572,0
22573,0
22574,0
22575,3
22576,0
22577,1
22578,1
22579,0
22580,1
22581,0
22582,0
22583,0
22584,1
22585,0
22586,0
22587,3
22588,0
22589,0
22590,0
22591,0
22592,0
22593,0
22594,0
22595,0
22596,0
22597,0
22598,0
22599,0
22600,0
22601,3
22602,0
22603,2
22604,1
22605,0
22606,2
22607,0
22608,0
22609,1
22610,0
22611,0
22612,0
22613,0
22614,1
22615,0
22616,1
22617,0
22618,0
22619,0
22620,0
22621,0
22622,1
22623,0
22624,0
22625,1
22626,0
22627,0
22628,0
22629,0
22630,0
22631,0
22632,2
22633,3
22634,0
22635,0
22636,2
22637,0
22638,1
22639,0
22640,2
22641,0
22642,2
22643,0
22644,1
22645,0
22646,0
22647,0
22648,0
22649,1
22650,0
22651,0
22652,0
22653,1
22654,1
22655,0
22656,0
22657,0
22658,1
22659,0
22660,0
22661,1
22662,0
22663,0
22664,0
22665,2
22666,0
22667,0
22668,0
22669,0
22670,0
22671,2
22672,3
22673,1
22674,1
22675,0
22676,2
22677,0
22678,0
22679,2
22680,0
22681,0
22682,0
22683,0
22684,1
22685,0
22686,0
22687,0
22688,1
22689,2
22690,0
22691,1
22692,0
22693,0
22694,0
22695,0
22696,0
22697,0
22698,0
22699,0
22700,0
22701,1
22702,0
22703,0
22704,0
22705,0
22706,0
22707,0
22708,2
22709,0
22710,0
22711,0
22712,0
22713,0
22714,1
22715,0
22716,0
22717,0
22718,0
22719,1
22720,0
22721,2
22722,0
22723,0
22724,0
22725,0
22726,2
22727,0
22728,0
22729,1
22730,1
22731,0
22732,0
22733,0
22734,1
22735,1
22736,0
22737,1
22738,0
22739,0
22740,0
22741,0
22742,0
22743,0
22744,1
22745,0
22746,1
22747,0
22748,2
22749,2
22750,1
22751,2
22752,0
22753,1
22754,0
22755,0
22756,1
22757,0
22758,0
22759,0
22760,0
22761,0
22762,0
22763,0
22764,0
22765,0
22766,0
22767,0
22768,3
22769,0
22770,0
22771,2
22772,0
22773,0
22774,0
22775,0
22776,0
22777,0
22778,0
22779,2
22780,0
22781,0
22782,0
22783,0
22784,0
22785,0
22786,1
22787,3
22788,0
22789,0
22790,3
22791,0
22792,1
22793,2
22794,2
22795,1
22796,0
22797,0
22798,1
22799,1
22800,0
22801,0
22802,0
22803,1
22804,1
22805,1
22806,0
22807,1
22808,0
22809,0
22810,0
22811,0
22812,0
22813,2
22814,1
22815,0
22816,0
22817,0
22818,0
22819,0
22820,0
22821,0
22822,0
22823,0
22824,0
22825,0
22826,0
22827,0
22828,0
22829,0
22830,0
22831,1
22832,0
22833,0
22834,1
22835,0
22836,0
22837,0
22838,0
22839,0
22840,0
22841,0
22842,0
22843,0
22844,0
22845,0
22846,3
22847,0
22848,0
22849,0
22850,1
22851,0
22852,2
22853,1
22854,0
22855,0
22856,1
22857,2
22858,2
22859,0
22860,0
22861,0
22862,0
22863,0
22864,0
22865,0
22866,0
22867,0
22868,0
22869,0
22870,0
22871,0
22872,0
22873,0
22874,0
22875,0
22876,0
22877,1
22878,0
22879,0
22880,0
22881,0
22882,3
22883,0
22884,0
22885,1
22886,1
22887,0
22888,0
22889,2
22890,0
22891,2
22892,1
22893,0
22894,0
22895,0
22896,0
22897,3
22898,0
22899,0
22900,0
22901,1
22902,1
22903,2
22904,0
22905,0
22906,3
22907,1
22908,0
22909,3
22910,0
22911,2
22912,0
22913,0
22914,0
22915,0
22916,0
22917,3
22918,0
22919,0
22920,0
22921,0
22922,0
22923,0
22924,0
22925,1
22926,3
22927,0
22928,0
22929,0
22930,0
22931,0
22932,0
22933,0
22934,3
22935,0
22936,0
22937,0
22938,0
22939,0
22940,0
22941,0
22942,0
22943,0
22944,1
22945,1
22946,0
22947,0
22948,0
22949,0
22950,0
22951,2
22952,1
22953,0
22954,0
22955,0
22956,0
22957,1
22958,0
22959,0
22960,1
22961,0
22962,0
22963,0
22964,0
22965,0
22966,3
22967,2
22968,0
22969,0
22970,2
22971,0
22972,1
22973,0
22974,0
22975,0
22976,0
22977,0
22978,0
22979,0
22980,0
22981,0
22982,1
22983,0
22984,0
22985,1
22986,2
22987,0
22988,0
22989,0
22990,0
22991,0
22992,0
22993,0
22994,0
22995,0
22996,0
22997,0
22998,0
22999,0
23000,0
23001,0
23002,0
23003,0
23004,0
23005,2
23006,0
23007,0
23008,1
23009,0
23010,1
23011,1
23012,0
23013,0
23014,0
23015,0
23016,0
23017,0
23018,0
23019,0
23020,0
23021,1
23022,0
23023,0
23024,0
23025,0
23026,0
23027,1
23028,0
23029,0
23030,0
23031,1
23032,0
23033,0
23034,1
23035,1
23036,0
23037,0
23038,0
23039,0
23040,0
23041,0
23042,0
23043,0
23044,1
23045,0
23046,0
23047,0
23048,0
23049,1
23050,0
23051,0
23052,0
23053,0
23054,0
23055,2
23056,0
23057,1
23058,0
23059,2
23060,0
23061,0
23062,1
23063,0
23064,0
23065,0
23066,2
23067,2
23068,2
23069,3
23070,1
23071,0
23072,1
23073,1
23074,0
23075,2
23076,0
23077,0
23078,0
23079,1
23080,0
23081,0
23082,0
23083,0
23084,0
23085,1
23086,2
23087,0
23088,0
23089,0
23090,1
23091,0
23092,0
23093,0
23094,0
23095,0
23096,2
23097,2
23098,0
23099,0
23100,0
23101,0
23102,0
23103,0
23104,0
23105,0
23106,2
23107,0
23108,2
23109,0
23110,0
23111,0
23112,1
23113,0
23114,0
23115,2
23116,1
23117,0
23118,2
23119,2
23120,0
23121,0
23122,1
23123,0
23124,0
23125,2
23126,3
23127,0
23128,0
23129,0
23130,0
23131,0
23132,0
23133,2
23134,0
23135,1
23136,0
23137,2
23138,0
23139,0
23140,0
23141,0
23142,0
23143,0
23144,0
23145,0
23146,0
23147,2
23148,0
23149,0
23150,0
23151,0
23152,0
23153,0
23154,0
23155,0
23156,2
23157,0
23158,0
23159,0
23160,0
23161,0
23162,1
23163,0
23164,1
23165,0
23166,1
23167,3
23168,0
23169,0
23170,0
23171,0
23172,1
23173,0
23174,0
23175,2
23176,0
23177,0
23178,0
23179,0
23180,1
23181,0
23182,0
23183,0
23184,0
23185,2
23186,0
23187,0
23188,0
23189,0
23190,0
23191,2
23192,0
23193,0
23194,0
23195,0
23196,1
23197,0
23198,0
23199,0
23200,0
23201,1
23202,1
23203,2
23204,0
23205,2
23206,3
23207,0
23208,0
23209,3
23210,0
23211,0
23212,2
23213,0
23214,0
23215,0
23216,0
23217,0
23218,0
23219,0
23220,2
23221,0
23222,0
23223,0
23224,0
23225,0
23226,0
23227,1
23228,0
23229,0
23230,0
23231,0
23232,0
23233,0
23234,0
23235,0
23236,1
23237,0
23238,0
23239,0
23240,0
23241,0
23242,0
23243,1
23244,0
23245,0
23246,0
23247,1
23248,0
23249,1
23250,0
23251,2
23252,1
23253,0
23254,0
23255,0
23256,0
23257,1
23258,0
23259,0
23260,0
23261,0
23262,0
23263,0
23264,0
23265,0
23266,0
23267,1
23268,2
23269,0
23270,0
23271,0
23272,0
23273,0
23274,0
23275,0
23276,0
23277,1
23278,0
23279,1
23280,1
23281,0
23282,1
23283,1
23284,0
23285,2
23286,0
23287,1
23288,0
23289,0
23290,0
23291,0
23292,0
23293,1
23294,0
23295,0
23296,0
23297,0
23298,1
23299,0
23300,0
23301,0
23302,0
23303,0
23304,0
23305,0
23306,0
23307,0
23308,1
23309,0
23310,0
23311,0
23312,0
23313,0
23314,1
23315,2
23316,0
23317,0
23318,0
23319,1
23320,0
23321,1
23322,0
23323,0
23324,0
23325,0
23326,0
23327,0
23328,0
23329,0
23330,2
23331,0
23332,0
23333,1
23334,0
23335,0
23336,0
23337,0
23338,3
23339,0
23340,0
23341,0
23342,0
23343,0
23344,0
23345,0
23346,1
23347,0
23348,0
23349,1
23350,0
23351,3
23352,0
23353,0
23354,0
23355,0
23356,1
23357,0
23358,0
23359,0
23360,0
23361,0
23362,1
23363,2
23364,0
23365,0
23366,0
23367,0
23368,0
23369,0
23370,0
23371,1
23372,0
23373,0
23374,0
23375,0
23376,0
23377,1
23378,0
23379,0
23380,0
23381,2
23382,0
23383,0
23384,1
23385,1
23386,0
23387,0
23388,0
23389,1
23390,2
23391,0
23392,0
23393,0
23394,0
23395,0
23396,3
23397,1
23398,1
23399,0
23400,1
23401,0
23402,0
23403,0
23404,0
23405,0
23406,0
23407,1
23408,0
23409,0
23410,3
23411,1
23412,0
23413,0
23414,0
23415,0
23416,0
23417,0
23418,1
23419,0
23420,0
23421,0
23422,1
23423,1
23424,0
23425,1
23426,0
23427,0
23428,0
23429,0
23430,0
23431,0
23432,0
23433,0
23434,0
23435,2
23436,0
23437,0
23438,0
23439,0
23440,0
23441,0
23442,0
23443,0
23444,1
23445,0
23446,0
23447,0
23448,0
23449,0
23450,0
23451,0
23452,2
23453,2
23454,0
23455,0
23456,2
23457,0
23458,0
23459,0
23460,0
23461,0
23462,0
23463,0
23464,0
23465,0
23466,0
23467,0
23468,2
23469,1
23470,2
23471,0
23472,0
23473,0
23474,1
23475,1
23476,0
23477,0
23478,0
23479,3
23480,1
23481,0
23482,1
23483,0
23484,1
23485,0
23486,1
23487,0
23488,2
23489,0
23490,1
23491,2
23492,0
23493,0
23494,0
23495,0
23496,0
23497,0
23498,0
23499,0
23500,1
23501,0
23502,2
23503,1
23504,2
23505,0
23506,0
23507,0
23508,0
23509,0
23510,1
23511,0
23512,0
23513,0
23514,1
23515,2
23516,0
23517,2
23518,0
23519,0
23520,0
23521,0
23522,0
23523,1
23524,0
23525,0
23526,0
23527,2
23528,1
23529,1
23530,2
23531,0
23532,0
23533,1
23534,0
23535,0
23536,0
23537,0
23538,0
23539,0
23540,0
23541,0
23542,0
23543,1
23544,0
23545,0
23546,0
23547,0
23548,0
23549,0
23550,2
23551,1
23552,0
23553,0
23554,0
23555,0
23556,0
23557,0
23558,1
23559,0
23560,1
23561,0
23562,1
23563,0
23564,0
23565,0
23566,0
23567,0
23568,0
23569,0
23570,0
23571,2
23572,2
23573,0
23574,0
23575,2
23576,0
23577,2
23578,0
23579,1
23580,0
23581,0
23582,0
23583,0
23584,0
23585,0
23586,1
23587,0
23588,0
23589,0
23590,0
23591,1
23592,0
23593,0
23594,0
23595,0
23596,0
23597,0
23598,2
23599,0
23600,0
23601,0
23602,1
23603,0
23604,0
23605,0
23606,0
23607,0
23608,0
23609,0
23610,0
23611,0
23612,0
23613,1
23614,0
23615,0
23616,0
23617,0
23618,1
23619,0
23620,0
23621,0
23622,0
23623,0
23624,0
23625,1
23626,0
23627,0
23628,0
23629,0
23630,1
23631,1
23632,0
23633,0
23634,0
23635,0
23636,0
23637,0
23638,0
23639,1
23640,1
23641,0
23642,1
23643,0
23644,0
23645,0
23646,0
23647,1
23648,0
23649,0
23650,0
23651,0
23652,0
23653,2
23654,2
23655,0
23656,0
23657,2
23658,0
23659,0
23660,0
23661,0
23662,0
23663,0
23664,0
23665,0
23666,1
23667,0
23668,2
23669,0
23670,0
23671,0
23672,1
23673,0
23674,0
23675,1
23676,0
23677,0
23678,0
23679,0
23680,0
23681,1
23682,1
23683,0
23684,0
23685,0
23686,0
23687,2
23688,0
23689,0
23690,0
23691,0
23692,0
23693,0
23694,1
23695,0
23696,0
23697,0
23698,0
23699,2
23700,0
23701,1
23702,0
23703,0
23704,0
23705,0
23706,0
23707,0
23708,0
23709,0
23710,0
23711,0
23712,0
23713,0
23714,0
23715,0
23716,0
23717,0
23718,0
23719,0
23720,2
23721,0
23722,0
23723,0
23724,2
23725,1
23726,0
23727,0
23728,1
23729,0
23730,0
23731,0
23732,0
23733,0
23734,0
23735,0
23736,0
23737,0
23738,0
23739,0
23740,1
23741,0
23742,1
23743,0
23744,0
23745,0
23746,0
23747,1
23748,0
23749,1
23750,0
23751,2
23752,0
23753,0
23754,1
23755,0
23756,0
23757,1
23758,1
23759,3
23760,1
23761,3
23762,0
23763,2
23764,0
23765,0
23766,0
23767,0
23768,0
23769,0
23770,3
23771,0
23772,0
23773,0
23774,1
23775,0
23776,0
23777,1
23778,0
23779,1
23780,0
23781,0
23782,0
23783,0
23784,0
23785,0
23786,0
23787,0
23788,1
23789,0
23790,0
23791,0
23792,1
23793,1
23794,0
23795,0
23796,0
23797,1
23798,0
23799,0
23800,1
23801,0
23802,0
23803,0
23804,0
23805,1
23806,0
23807,2
23808,1
23809,0
23810,0
23811,0
23812,0
23813,1
23814,0
23815,0
23816,0
23817,0
23818,0
23819,0
23820,0
23821,0
23822,0
23823,1
23824,0
23825,0
23826,0
23827,0
23828,0
23829,0
23830,1
23831,0
23832,2
23833,0
23834,0
23835,1
23836,0
23837,0
23838,0
23839,0
23840,0
23841,1
23842,1
23843,0
23844,0
23845,1
23846,2
23847,0
23848,2
23849,0
23850,0
23851,0
23852,0
23853,2
23854,1
23855,0
23856,0
23857,0
23858,0
23859,0
23860,0
23861,0
23862,0
23863,1
23864,0
23865,0
23866,0
23867,0
23868,0
23869,0
23870,0
23871,0
23872,0
23873,0
23874,2
23875,0
23876,1
23877,0
23878,0
23879,0
23880,0
23881,0
23882,0
23883,0
23884,3
23885,0
23886,0
23887,0
23888,0
23889,0
23890,0
23891,0
23892,0
23893,0
23894,0
23895,0
23896,0
23897,0
23898,0
23899,0
23900,0
23901,0
23902,0
23903,0
23904,0
23905,0
23906,1
23907,2
23908,0
23909,0
23910,0
23911,2
23912,1
23913,2
23914,0
23915,1
23916,0
23917,0
23918,0
23919,0
23920,0
23921,0
23922,1
23923,0
23924,0
23925,2
23926,1
23927,0
23928,3
23929,0
23930,0
23931,0
23932,0
23933,1
23934,0
23935,2
23936,0
23937,1
23938,0
23939,2
23940,0
23941,0
23942,0
23943,1
23944,0
23945,0
23946,0
23947,0
23948,0
23949,0
23950,2
23951,0
23952,0
23953,0
23954,0
23955,1
23956,1
23957,0
23958,0
23959,0
23960,0
23961,1
23962,0
23963,0
23964,0
23965,0
23966,0
23967,0
23968,0
23969,0
23970,0
23971,0
23972,0
23973,0
23974,0
23975,0
23976,0
23977,1
23978,2
23979,0
23980,0
23981,0
23982,0
23983,0
23984,0
23985,0
23986,1
23987,0
23988,0
23989,0
23990,0
23991,0
23992,1
23993,0
23994,1
23995,1
23996,0
23997,0
23998,0
23999,0
24000,0
24001,0
24002,0
24003,1
24004,0
24005,0
24006,2
24007,1
24008,0
24009,0
24010,2
24011,0
24012,1
24013,1
24014,0
24015,0
24016,0
24017,0
24018,1
24019,0
24020,1
24021,0
24022,0
24023,0
24024,0
24025,0
24026,0
24027,1
24028,0
24029,0
24030,0
24031,0
24032,1
24033,0
24034,0
24035,0
24036,1
24037,0
24038,0
24039,0
24040,1
24041,0
24042,0
24043,2
24044,0
24045,0
24046,0
24047,1
24048,0
24049,0
24050,0
24051,0
24052,0
24053,0
24054,1
24055,2
24056,2
24057,0
24058,0
24059,0
24060,0
24061,0
24062,0
24063,0
24064,2
24065,0
24066,0
24067,0
24068,0
24069,0
24070,0
24071,0
24072,0
24073,0
24074,0
24075,2
24076,0
24077,0
24078,1
24079,0
24080,0
24081,0
24082,0
24083,2
24084,2
24085,0
24086,0
24087,0
24088,0
24089,0
24090,0
24091,1
24092,1
24093,0
24094,0
24095,1
24096,2
24097,0
24098,0
24099,0
24100,0
24101,0
24102,0
24103,0
24104,1
24105,2
24106,0
24107,0
24108,0
24109,0
24110,0
24111,0
24112,1
24113,0
24114,1
24115,2
24116,3
24117,0
24118,0
24119,0
24120,0
24121,0
24122,0
24123,0
24124,0
24125,0
24126,0
24127,1
24128,0
24129,0
24130,1
24131,1
24132,0
24133,0
24134,0
24135,0
24136,1
24137,0
24138,0
24139,1
24140,1
24141,0
24142,0
24143,0
24144,1
24145,0
24146,0
24147,0
24148,1
24149,0
24150,0
24151,0
24152,0
24153,0
24154,0
24155,2
24156,0
24157,0
24158,0
24159,0
24160,0
24161,0
24162,0
24163,0
24164,0
24165,0
24166,1
24167,0
24168,0
24169,1
24170,0
24171,0
24172,0
24173,2
24174,0
24175,0
24176,1
24177,0
24178,0
24179,0
24180,0
24181,0
24182,0
24183,0
24184,0
24185,2
24186,0
24187,0
24188,0
24189,0
24190,1
24191,0
24192,0
24193,1
24194,0
24195,0
24196,2
24197,0
24198,0
24199,3
24200,1
24201,0
24202,0
24203,1
24204,0
24205,0
24206,0
24207,2
24208,2
24209,0
24210,0
24211,0
24212,2
24213,0
24214,1
24215,0
24216,0
24217,0
24218,0
24219,0
24220,0
24221,1
24222,0
24223,0
24224,0
24225,0
24226,0
24227,0
24228,1
24229,0
24230,3
24231,0
24232,0
24233,0
24234,0
24235,0
24236,0
24237,0
24238,2
24239,0
24240,0
24241,0
24242,0
24243,0
24244,1
24245,0
24246,0
24247,2
24248,0
24249,0
24250,1
24251,0
24252,0
24253,0
24254,0
24255,0
24256,0
24257,0
24258,1
24259,1
24260,0
24261,0
24262,0
24263,0
24264,3
24265,0
24266,0
24267,0
24268,0
24269,2
24270,0
24271,0
24272,1
24273,1
24274,0
24275,2
24276,0
24277,0
24278,1
24279,1
24280,0
24281,0
24282,0
24283,0
24284,0
24285,0
24286,0
24287,2
24288,0
24289,0
24290,0
24291,0
24292,0
24293,0
24294,0
24295,0
24296,0
24297,0
24298,0
24299,0
24300,1
24301,0
24302,0
24303,0
24304,0
24305,0
24306,0
24307,0
24308,0
24309,0
24310,0
24311,1
24312,0
24313,0
24314,0
24315,0
24316,0
24317,0
24318,0
24319,0
24320,2
24321,0
24322,0
24323,1
24324,0
24325,0
24326,0
24327,0
24328,0
24329,0
24330,1
24331,0
24332,0
24333,0
24334,0
24335,0
24336,0
24337,0
24338,1
24339,1
24340,0
24341,0
24342,0
24343,1
24344,0
24345,0
24346,0
24347,1
24348,1
24349,0
24350,0
24351,0
24352,0
24353,2
24354,0
24355,0
24356,1
24357,1
24358,0
24359,0
24360,0
24361,0
24362,0
24363,0
24364,0
24365,0
24366,0
24367,0
24368,0
24369,0
24370,0
24371,0
24372,0
24373,2
24374,0
24375,0
24376,1
24377,0
24378,0
24379,0
24380,1
24381,0
24382,0
24383,0
24384,3
24385,2
24386,0
24387,1
24388,0
24389,0
24390,0
24391,1
24392,0
24393,1
24394,0
24395,0
24396,0
24397,0
24398,0
24399,2
24400,0
24401,2
24402,0
24403,2
24404,2
24405,0
24406,0
24407,1
24408,0
24409,0
24410,1
24411,0
24412,1
24413,0
24414,1
24415,0
24416,0
24417,0
24418,1
24419,0
24420,0
24421,0
24422,1
24423,1
24424,1
24425,0
24426,1
24427,0
24428,0
24429,0
24430,0
24431,0
24432,0
24433,0
24434,0
24435,0
24436,0
24437,1
24438,1
24439,2
24440,2
24441,0
24442,2
24443,0
24444,1
24445,0
24446,0
24447,0
24448,2
24449,0
24450,2
24451,0
24452,0
24453,0
24454,1
24455,0
24456,0
24457,0
24458,0
24459,1
24460,0
24461,0
24462,0
24463,1
24464,0
24465,0
24466,0
24467,1
24468,0
24469,0
24470,1
24471,3
24472,0
24473,0
24474,0
24475,0
24476,2
24477,0
24478,0
24479,0
24480,0
24481,1
24482,1
24483,0
24484,0
24485,1
24486,0
24487,0
24488,0
24489,2
24490,1
24491,0
24492,0
24493,0
24494,0
24495,0
24496,3
24497,0
24498,0
24499,0
24500,0
24501,0
24502,0
24503,0
24504,0
24505,3
24506,1
24507,0
24508,0
24509,1
24510,0
24511,0
24512,0
24513,0
24514,1
24515,0
24516,0
24517,0
24518,1
24519,0
24520,0
24521,0
24522,0
24523,0
24524,0
24525,1
24526,0
24527,0
24528,0
24529,1
24530,1
24531,0
24532,0
24533,0
24534,2
24535,0
24536,0
24537,1
24538,2
24539,0
24540,2
24541,0
24542,0
24543,0
24544,0
24545,0
24546,0
24547,0
24548,0
24549,0
24550,0
24551,0
24552,0
24553,0
24554,0
24555,1
24556,0
24557,0
24558,1
24559,0
24560,0
24561,2
24562,0
24563,2
24564,0
24565,0
24566,0
24567,1
24568,3
24569,0
24570,0
24571,0
24572,0
24573,0
24574,0
24575,0
24576,0
24577,0
24578,0
24579,0
24580,0
24581,0
24582,0
24583,0
24584,0
24585,0
24586,1
24587,0
24588,0
24589,2
24590,0
24591,2
24592,2
24593,0
24594,0
24595,0
24596,0
24597,0
24598,0
24599,0
24600,0
24601,0
24602,0
24603,0
24604,0
24605,0
24606,0
24607,0
24608,0
24609,0
24610,1
24611,0
24612,0
24613,0
24614,0
24615,1
24616,0
24617,1
24618,0
24619,0
24620,0
24621,1
24622,0
24623,0
24624,0
24625,0
24626,0
24627,0
24628,0
24629,0
24630,0
24631,0
24632,0
24633,0
24634,0
24635,0
24636,0
24637,0
24638,0
24639,3
24640,1
24641,0
24642,0
24643,0
24644,0
24645,0
24646,0
24647,0
24648,0
24649,0
24650,0
24651,0
24652,0
24653,0
24654,0
24655,0
24656,1
24657,0
24658,1
24659,0
24660,2
24661,0
24662,0
24663,0
24664,0
24665,1
24666,0
24667,0
24668,0
24669,1
24670,0
24671,1
24672,0
24673,1
24674,0
24675,2
24676,0
24677,1
24678,0
24679,0
24680,0
24681,0
24682,0
24683,0
24684,0
24685,0
24686,0
24687,1
24688,0
24689,0
24690,0
24691,0
24692,0
24693,0
24694,0
24695,1
24696,1
24697,0
24698,0
24699,1
24700,0
24701,0
24702,0
24703,0
24704,1
24705,1
24706,1
24707,0
24708,0
24709,1
24710,0
24711,0
24712,0
24713,1
24714,1
24715,1
24716,0
24717,0
24718,0
24719,0
24720,0
24721,0
24722,1
24723,1
24724,0
24725,0
24726,0
24727,1
24728,1
24729,1
24730,0
24731,0
24732,0
24733,1
24734,2
24735,2
24736,0
24737,0
24738,1
24739,0
24740,0
24741,0
24742,0
24743,0
24744,0
24745,0
24746,0
24747,0
24748,0
24749,2
24750,0
24751,1
24752,2
24753,0
24754,0
24755,0
24756,0
24757,0
24758,0
24759,0
24760,0
24761,0
24762,0
24763,1
24764,0
24765,0
24766,0
24767,0
24768,0
24769,1
24770,1
24771,0
24772,0
24773,0
24774,0
24775,0
24776,0
24777,0
24778,0
24779,2
24780,0
24781,0
24782,0
24783,1
24784,0
24785,0
24786,0
24787,0
24788,0
24789,0
24790,0
24791,0
24792,0
24793,0
24794,0
24795,0
24796,1
24797,0
24798,0
24799,0
24800,0
24801,1
24802,0
24803,1
24804,0
24805,0
24806,0
24807,2
24808,0
24809,0
24810,2
24811,0
24812,0
24813,0
24814,0
24815,0
24816,0
24817,0
24818,0
24819,0
24820,1
24821,0
24822,0
24823,1
24824,2
24825,0
24826,0
24827,1
24828,1
24829,1
24830,0
24831,0
24832,0
24833,0
24834,0
24835,0
24836,0
24837,0
24838,1
24839,0
24840,0
24841,0
24842,1
24843,0
24844,0
24845,0
24846,0
24847,0
24848,0
24849,0
24850,1
24851,0
24852,1
24853,0
24854,0
24855,0
24856,0
24857,3
24858,0
24859,2
24860,0
24861,0
24862,1
24863,1
24864,3
24865,2
24866,0
24867,0
24868,0
24869,1
24870,0
24871,2
24872,0
24873,0
24874,2
24875,0
24876,0
24877,0
24878,1
24879,0
24880,0
24881,0
24882,0
24883,0
24884,1
24885,0
24886,1
24887,0
24888,1
24889,0
24890,0
24891,0
24892,0
24893,0
24894,3
24895,0
24896,0
24897,1
24898,1
24899,0
24900,0
24901,0
24902,0
24903,1
24904,0
24905,0
24906,0
24907,0
24908,1
24909,1
24910,0
24911,0
24912,0
24913,1
24914,0
24915,0
24916,1
24917,0
24918,0
24919,0
24920,0
24921,0
24922,0
24923,0
24924,0
24925,0
24926,0
24927,0
24928,0
24929,0
24930,2
24931,0
24932,0
24933,0
24934,2
24935,0
24936,0
24937,0
24938,1
24939,0
24940,1
24941,0
24942,0
24943,0
24944,1
24945,0
24946,0
24947,2
24948,0
24949,2
24950,1
24951,0
24952,1
24953,0
24954,0
24955,0
24956,0
24957,0
24958,0
24959,0
24960,0
24961,0
24962,0
24963,0
24964,0
24965,2
24966,0
24967,0
24968,0
24969,0
24970,0
24971,0
24972,0
24973,0
24974,3
24975,3
24976,0
24977,1
24978,1
24979,2
24980,1
24981,1
24982,1
24983,1
24984,0
24985,0
24986,0
24987,0
24988,2
24989,0
24990,0
24991,0
24992,0
24993,0
24994,2
24995,0
24996,1
24997,1
24998,0
24999,0
25000,2
25001,0
25002,0
25003,0
25004,0
25005,0
25006,0
25007,2
25008,0
25009,1
25010,0
25011,2
25012,0
25013,2
25014,1
25015,0
25016,1
25017,0
25018,0
25019,0
25020,2
25021,0
25022,0
25023,0
25024,1
25025,1
25026,0
25027,2
25028,0
25029,0
25030,0
25031,0
25032,0
25033,0
25034,0
25035,0
25036,2
25037,0
25038,0
25039,1
25040,3
25041,0
25042,0
25043,0
25044,2
25045,0
25046,1
25047,0
25048,0
25049,1
25050,0
25051,0
25052,0
25053,0
25054,0
25055,0
25056,3
25057,2
25058,0
25059,0
25060,0
25061,0
25062,0
25063,1
25064,0
25065,0
25066,2
25067,0
25068,0
25069,0
25070,1
25071,0
25072,0
25073,0
25074,0
25075,0
25076,1
25077,0
25078,0
25079,0
25080,0
25081,0
25082,2
25083,3
25084,0
25085,0
25086,0
25087,1
25088,0
25089,0
25090,0
25091,0
25092,0
25093,0
25094,2
25095,3
25096,0
25097,0
25098,0
25099,0
25100,0
25101,0
25102,0
25103,0
25104,0
25105,0
25106,0
25107,0
25108,0
25109,0
25110,0
25111,1
25112,0
25113,0
25114,0
25115,0
25116,0
25117,0
25118,0
25119,0
25120,0
25121,0
25122,0
25123,0
25124,0
25125,0
25126,0
25127,0
25128,0
25129,0
25130,0
25131,0
25132,1
25133,2
25134,1
25135,1
25136,0
25137,0
25138,0
25139,3
25140,0
25141,1
25142,0
25143,0
25144,0
25145,0
25146,0
25147,1
25148,0
25149,0
25150,0
25151,1
25152,1
25153,0
25154,0
25155,0
25156,0
25157,0
25158,0
25159,0
25160,2
25161,0
25162,0
25163,0
25164,0
25165,0
25166,0
25167,0
25168,3
25169,0
25170,0
25171,3
25172,0
25173,0
25174,1
25175,0
25176,0
25177,0
25178,1
25179,0
25180,1
25181,0
25182,1
25183,0
25184,0
25185,2
25186,0
25187,0
25188,0
25189,1
25190,0
25191,0
25192,0
25193,0
25194,0
25195,0
25196,0
25197,0
25198,1
25199,0
25200,0
25201,0
25202,0
25203,3
25204,1
25205,1
25206,0
25207,1
25208,0
25209,0
25210,1
25211,0
25212,0
25213,0
25214,0
25215,0
25216,1
25217,0
25218,0
25219,0
25220,0
25221,0
25222,0
25223,0
25224,2
25225,2
25226,1
25227,0
25228,1
25229,0
25230,1
25231,2
25232,0
25233,0
25234,0
25235,0
25236,0
25237,0
25238,0
25239,0
25240,0
25241,0
25242,0
25243,0
25244,0
25245,0
25246,0
25247,2
25248,0
25249,1
25250,1
25251,2
25252,0
25253,3
25254,0
25255,1
25256,1
25257,0
25258,0
25259,0
25260,1
25261,1
25262,0
25263,2
25264,0
25265,0
25266,0
25267,0
25268,0
25269,0
25270,1
25271,0
25272,0
25273,0
25274,1
25275,0
25276,0
25277,0
25278,0
25279,0
